Product_ID,Product_Name,Brand,Category,Chemical,Concentration,Price,Rating,Stock,Manufacture_Date,Expiry_Date
P0001,Face Wash,SkinPure,Skincare,Sulfate,0.12,381,3.9,45,04-12-2025,24-11-2027
P0002,Night Cream,GlowCare,Skincare,Retinol,0.18,532,3.5,33,08-04-2025,20-09-2027
P0003,Glow Cream,DermCare,Skincare,Paraben,0.61,833,4.5,149,08-07-2025,19-08-2027
P0004,Hair Serum,HairPro,Haircare,Alcohol,0.83,106,4.6,50,14-12-2025,09-06-2027
P0005,Lip Balm,BeautyX,Lipcare,Petroleum Jelly,0.29,881,,33,04-07-2025,28-06-2027
P0006,Sunscreen,SunSafe,Skincare,Oxybenzone,0.64,926,3.6,127,04-09-2025,03-07-2027
P0007,Night Cream,GlowCare,Skincare,Retinol,0.36,743,4.4,230,19-06-2025,23-04-2027
P0008,Face Wash,SkinPure,Skincare,Sulfate,0.14,333,4.7,30,28-04-2025,13-02-2027
P0009,Hair Serum,HairPro,Haircare,Alcohol,0.51,954,4,104,07-06-2025,09-11-2027
P0010,Face Wash,SkinPure,Skincare,Sulfate,0.65,275,4.3,72,15-03-2025,09-07-2027
P0011,Night Cream,GlowCare,Skincare,Retinol,0.3,432,4.8,208,08-01-2025,26-01-2027
P0012,Sunscreen,SunSafe,Skincare,Oxybenzone,0.46,167,3.8,155,11-12-2025,21-04-2027
P0013,Face Mask,PureSkin,Skincare,Clay,0.46,758,4.2,77,08-03-2025,18-12-2027
P0014,Night Cream,GlowCare,Skincare,Retinol,0.34,698,4.1,159,12-07-2025,05-04-2027
P0015,Night Cream,GlowCare,Skincare,Retinol,0.54,873,3.6,38,21-03-2025,26-03-2027
P0016,Body Lotion,,Bodycare,Glycerin,0.64,494,4.1,129,09-09-2025,28-09-2027
P0017,Glow Cream,DermCare,Skincare,Paraben,0.71,217,,147,25-05-2025,11-11-2027
P0018,Face Wash,SkinPure,Skincare,Sulfate,0.36,261,,194,09-12-2025,25-09-2027
P0019,Lip Balm,BeautyX,Lipcare,Petroleum Jelly,0.56,208,4.8,86,17-11-2025,07-10-2027
P0020,Lip Balm,BeautyX,Lipcare,Petroleum Jelly,0.44,265,4.3,209,01-09-2025,11-10-2027
P0021,Face Mask,PureSkin,Skincare,Clay,0.12,471,4.8,222,08-05-2025,08-01-2027
P0022,Conditioner,HairPro,Haircare,Silicone,0.95,187,4.6,218,25-02-2025,25-09-2027
P0023,Lip Balm,BeautyX,Lipcare,Petroleum Jelly,0.22,586,4.9,52,17-05-2025,14-10-2027
P0024,Shampoo,NatureGlow,Haircare,Silicone,0.94,873,4.6,61,10-12-2025,22-07-2027
P0025,Sunscreen,SunSafe,Skincare,Oxybenzone,0.49,629,4.2,73,03-04-2025,01-06-2027
P0026,Conditioner,HairPro,Haircare,,0.6,702,3.8,28,21-12-2025,08-01-2027
P0027,Face Wash,SkinPure,Skincare,Sulfate,0.91,980,4,141,09-04-2025,16-11-2027
P0028,Shampoo,NatureGlow,Haircare,Silicone,0.59,840,4.9,156,16-10-2025,26-04-2027
P0029,Face Mask,PureSkin,Skincare,Clay,0.83,294,3.6,178,12-07-2025,14-07-2027
P0030,Face Mask,PureSkin,Skincare,Clay,0.88,155,4.5,,02-02-2025,24-07-2027
P0031,Sunscreen,SunSafe,Skincare,Oxybenzone,0.82,211,3.9,58,15-09-2025,
P0032,Lip Balm,BeautyX,Lipcare,Petroleum Jelly,0.35,355,4.8,29,26-08-2025,04-09-2027
P0033,Glow Cream,DermCare,Skincare,Paraben,0.69,,4.8,33,06-04-2025,16-07-2027
P0034,Face Mask,PureSkin,Skincare,Clay,0.29,510,4.9,52,01-07-2025,09-07-2027
P0035,Face Mask,PureSkin,Skincare,Clay,0.36,813,4.9,210,22-09-2025,16-12-2027
P0036,Lip Balm,BeautyX,Lipcare,Petroleum Jelly,0.27,322,5,158,18-12-2025,24-01-2027
P0037,Sunscreen,SunSafe,Skincare,Oxybenzone,0.15,698,4.2,,06-09-2025,17-01-2027
P0038,Face Wash,SkinPure,Skincare,Sulfate,0.87,170,4.4,182,13-04-2025,19-02-2027
P0039,Shampoo,NatureGlow,Haircare,Silicone,0.62,140,4.4,117,19-11-2025,17-10-2027
P0040,,SunSafe,Skincare,Oxybenzone,0.94,309,4.5,90,09-04-2025,05-07-2027
P0041,Hair Serum,HairPro,Haircare,Alcohol,0.51,869,4.9,12,20-08-2025,04-10-2027
P0042,Face Wash,SkinPure,Skincare,Sulfate,0.58,618,3.9,248,03-06-2025,12-04-2027
P0043,Hair Serum,HairPro,Haircare,Alcohol,0.24,953,4.3,87,26-10-2025,17-11-2027
P0044,Glow Cream,DermCare,Skincare,Paraben,0.7,667,3.9,179,05-02-2025,04-05-2027
P0045,Face Wash,SkinPure,Skincare,Sulfate,0.77,259,3.9,164,23-04-2025,07-06-2027
P0046,Hair Serum,HairPro,Haircare,Alcohol,0.55,357,4.9,226,03-01-2025,14-11-2027
P0047,Hair Serum,HairPro,Haircare,Alcohol,0.14,441,4.7,173,06-05-2025,15-12-2027
P0048,Night Cream,GlowCare,Skincare,Retinol,0.74,674,3.5,29,05-12-2025,02-09-2027
P0049,Sunscreen,SunSafe,Skincare,Oxybenzone,0.62,251,4.1,20,12-05-2025,12-01-2027
P0050,Shampoo,NatureGlow,Haircare,Silicone,0.71,,3.7,209,28-09-2025,20-07-2027
P0051,,BeautyX,Lipcare,Petroleum Jelly,0.93,342,4.8,214,14-03-2025,06-01-2027
P0052,Sunscreen,SunSafe,Skincare,Oxybenzone,0.8,521,4.7,231,26-12-2025,09-04-2027
P0053,Lip Balm,BeautyX,Lipcare,Petroleum Jelly,0.81,210,4.1,19,08-08-2025,27-04-2027
P0054,Face Mask,PureSkin,Skincare,Clay,0.41,940,4.7,68,01-04-2025,07-11-2027
P0055,Body Lotion,SoftCare,Bodycare,Glycerin,0.4,985,3.6,207,12-05-2025,17-11-2027
P0056,Body Lotion,SoftCare,Bodycare,,0.71,963,4.3,250,04-01-2025,06-05-2027
P0057,Conditioner,HairPro,Haircare,Silicone,0.97,371,3.6,162,12-07-2025,26-12-2027
P0058,Sunscreen,SunSafe,Skincare,Oxybenzone,0.49,623,3.7,240,07-10-2025,02-05-2027
P0059,Body Lotion,SoftCare,Bodycare,Glycerin,0.1,925,,194,24-12-2025,07-11-2027
P0060,Sunscreen,SunSafe,Skincare,Oxybenzone,0.49,780,4.9,169,22-06-2025,24-02-2027
P0061,Hair Serum,HairPro,Haircare,Alcohol,0.56,782,4.1,113,10-12-2025,05-09-2027
P0062,Shampoo,NatureGlow,,Silicone,0.48,488,4.5,241,20-03-2025,
P0063,Body Lotion,SoftCare,Bodycare,Glycerin,,100,,63,26-07-2025,20-10-2027
P0064,Sunscreen,SunSafe,,Oxybenzone,0.52,552,4.5,140,26-08-2025,06-12-2027
P0065,Face Wash,SkinPure,Skincare,Sulfate,0.36,779,4.4,95,27-02-2025,22-04-2027
P0066,Hair Serum,HairPro,Haircare,Alcohol,0.3,303,3.7,21,16-04-2025,28-10-2027
P0067,Face Wash,SkinPure,Skincare,Sulfate,0.51,744,4.4,193,13-12-2025,13-08-2027
P0068,Shampoo,NatureGlow,Haircare,Silicone,0.23,804,3.5,202,25-02-2025,08-07-2027
P0069,Lip Balm,BeautyX,Lipcare,Petroleum Jelly,0.82,812,4.3,22,08-09-2025,15-02-2027
P0070,Lip Balm,BeautyX,Lipcare,Petroleum Jelly,0.82,783,4.3,153,11-10-2025,20-08-2027
P0071,Night Cream,GlowCare,Skincare,Retinol,0.48,661,,50,28-12-2025,15-08-2027
P0072,Hair Serum,HairPro,Haircare,Alcohol,0.78,960,4.5,206,16-09-2025,08-11-2027
P0073,Hair Serum,HairPro,Haircare,Alcohol,0.5,830,3.9,79,11-06-2025,03-09-2027
P0074,Lip Balm,BeautyX,Lipcare,Petroleum Jelly,0.24,492,4.5,190,03-04-2025,14-07-2027
P0075,Sunscreen,SunSafe,Skincare,Oxybenzone,0.59,525,3.6,223,13-07-2025,23-10-2027
P0076,Glow Cream,DermCare,Skincare,Paraben,0.87,883,4.4,132,12-01-2025,25-05-2027
P0077,Body Lotion,SoftCare,Bodycare,Glycerin,0.87,955,4.1,201,18-12-2025,08-10-2027
P0078,Face Mask,PureSkin,Skincare,Clay,,546,4.2,109,22-06-2025,26-11-2027
P0079,Body Lotion,SoftCare,Bodycare,Glycerin,0.75,960,4.2,42,18-10-2025,13-01-2027
P0080,Conditioner,HairPro,Haircare,Silicone,0.61,127,3.6,119,28-03-2025,06-08-2027
P0081,Glow Cream,DermCare,Skincare,Paraben,0.33,435,3.8,93,25-06-2025,09-07-2027
P0082,Body Lotion,SoftCare,Bodycare,Glycerin,0.33,183,4.2,201,02-09-2025,08-06-2027
P0083,Face Wash,SkinPure,Skincare,Sulfate,0.8,767,3.6,17,07-04-2025,20-01-2027
P0084,Lip Balm,BeautyX,Lipcare,Petroleum Jelly,0.31,584,4.5,,15-04-2025,09-12-2027
P0085,Sunscreen,SunSafe,Skincare,Oxybenzone,0.25,721,4.9,193,25-02-2025,10-03-2027
P0086,Face Wash,SkinPure,Skincare,Sulfate,0.62,419,4.4,242,13-07-2025,07-12-2027
P0087,Face Wash,SkinPure,Skincare,Sulfate,0.63,950,4.4,36,25-12-2025,28-05-2027
P0088,Conditioner,HairPro,Haircare,Silicone,0.82,915,5,210,12-01-2025,14-09-2027
P0089,Sunscreen,SunSafe,Skincare,Oxybenzone,0.16,763,4,227,27-07-2025,04-08-2027
P0090,Body Lotion,SoftCare,Bodycare,Glycerin,0.96,750,4.8,127,05-12-2025,06-07-2027
P0091,Night Cream,GlowCare,Skincare,Retinol,0.97,376,4.4,245,25-09-2025,15-08-2027
P0092,Body Lotion,SoftCare,Bodycare,Glycerin,0.84,706,3.9,228,27-04-2025,09-02-2027
P0093,Face Mask,PureSkin,Skincare,Clay,0.32,575,4.4,181,11-07-2025,16-01-2027
P0094,Sunscreen,SunSafe,Skincare,Oxybenzone,0.26,317,4,76,09-06-2025,23-10-2027
P0095,Hair Serum,HairPro,Haircare,Alcohol,0.6,629,4.9,31,24-04-2025,16-07-2027
P0096,Night Cream,GlowCare,Skincare,Retinol,0.78,807,4.2,192,15-08-2025,03-01-2027
P0097,Hair Serum,HairPro,Haircare,,0.3,808,3.9,,12-10-2025,18-08-2027
P0098,Night Cream,GlowCare,Skincare,Retinol,0.41,863,4.3,100,15-12-2025,10-05-2027
P0099,Hair Serum,HairPro,Haircare,Alcohol,0.31,838,3.8,40,,06-12-2027
P0100,,NatureGlow,,Silicone,0.29,595,3.9,160,20-09-2025,04-05-2027
P0101,Shampoo,NatureGlow,Haircare,Silicone,0.37,469,3.8,13,18-12-2025,09-03-2027
P0102,Glow Cream,DermCare,Skincare,Paraben,0.98,666,3.9,42,28-11-2025,04-08-2027
P0103,Glow Cream,DermCare,Skincare,Paraben,0.62,580,4.2,97,02-03-2025,28-05-2027
P0104,Face Mask,PureSkin,Skincare,,0.2,166,4.1,28,21-10-2025,02-11-2027
P0105,Lip Balm,BeautyX,Lipcare,Petroleum Jelly,0.23,676,4.9,31,04-04-2025,25-09-2027
P0106,Body Lotion,SoftCare,Bodycare,Glycerin,0.65,909,4.4,208,13-09-2025,15-08-2027
P0107,Hair Serum,HairPro,Haircare,Alcohol,0.87,539,4,168,20-01-2025,04-12-2027
P0108,Shampoo,NatureGlow,Haircare,Silicone,0.66,370,4.5,50,06-04-2025,03-09-2027
P0109,Lip Balm,BeautyX,Lipcare,Petroleum Jelly,0.1,561,4.5,130,02-05-2025,10-04-2027
P0110,Hair Serum,HairPro,Haircare,Alcohol,0.73,,3.6,69,26-05-2025,19-11-2027
P0111,Shampoo,NatureGlow,Haircare,Silicone,0.48,657,3.8,48,27-05-2025,03-03-2027
P0112,Glow Cream,DermCare,Skincare,Paraben,,414,4.4,221,10-10-2025,
P0113,Face Mask,PureSkin,Skincare,Clay,0.72,816,4.1,79,18-09-2025,15-08-2027
P0114,Face Wash,SkinPure,Skincare,Sulfate,0.64,542,4.6,164,01-05-2025,08-02-2027
P0115,Conditioner,HairPro,Haircare,Silicone,0.63,121,5,182,19-05-2025,25-01-2027
P0116,Lip Balm,BeautyX,Lipcare,Petroleum Jelly,0.52,767,4.2,81,19-03-2025,21-07-2027
P0117,Face Mask,PureSkin,Skincare,Clay,0.97,581,4,95,22-06-2025,28-02-2027
P0118,Lip Balm,BeautyX,Lipcare,Petroleum Jelly,0.4,810,4.2,179,27-07-2025,02-09-2027
P0119,Face Mask,PureSkin,Skincare,Clay,0.18,358,4,207,28-07-2025,27-09-2027
P0120,Glow Cream,DermCare,Skincare,Paraben,0.69,655,4.2,23,17-04-2025,
P0121,Face Mask,PureSkin,Skincare,Clay,0.66,878,3.6,78,05-09-2025,15-05-2027
P0122,Face Mask,PureSkin,Skincare,Clay,0.21,745,4.4,71,06-12-2025,18-05-2027
P0123,Glow Cream,DermCare,Skincare,Paraben,0.6,195,3.8,225,15-02-2025,21-02-2027
P0124,,BeautyX,Lipcare,Petroleum Jelly,0.55,833,3.9,190,14-05-2025,16-08-2027
P0125,Shampoo,NatureGlow,Haircare,Silicone,0.51,248,4.1,245,17-10-2025,05-12-2027
P0126,,SkinPure,Skincare,Sulfate,0.35,908,4.8,97,09-09-2025,10-01-2027
P0127,Hair Serum,HairPro,Haircare,Alcohol,0.85,693,5,135,15-03-2025,16-09-2027
P0128,Sunscreen,SunSafe,Skincare,Oxybenzone,,881,4.3,126,28-06-2025,23-04-2027
P0129,Shampoo,,Haircare,Silicone,0.61,339,4.8,115,11-01-2025,16-12-2027
P0130,Body Lotion,SoftCare,Bodycare,Glycerin,0.45,779,4.7,176,16-03-2025,05-01-2027
P0131,Night Cream,GlowCare,Skincare,Retinol,0.97,439,4.8,233,04-08-2025,15-09-2027
P0132,Glow Cream,DermCare,,Paraben,0.75,519,4.8,49,16-02-2025,11-05-2027
P0133,Conditioner,HairPro,Haircare,Silicone,0.72,765,3.6,94,28-11-2025,13-09-2027
P0134,Sunscreen,SunSafe,Skincare,Oxybenzone,0.66,877,4.2,148,20-01-2025,08-02-2027
P0135,Hair Serum,HairPro,Haircare,Alcohol,1,864,3.6,35,23-11-2025,15-02-2027
P0136,Lip Balm,BeautyX,Lipcare,Petroleum Jelly,0.72,129,3.6,213,10-01-2025,12-06-2027
P0137,Body Lotion,SoftCare,Bodycare,Glycerin,0.23,643,4.1,184,06-03-2025,03-03-2027
P0138,Conditioner,HairPro,Haircare,Silicone,0.88,734,4.5,137,05-10-2025,15-04-2027
P0139,Hair Serum,HairPro,Haircare,Alcohol,0.51,782,3.5,215,10-08-2025,18-11-2027
P0140,Lip Balm,BeautyX,Lipcare,Petroleum Jelly,0.17,453,5,86,14-11-2025,09-12-2027
P0141,Face Mask,PureSkin,Skincare,Clay,0.86,303,5,228,04-08-2025,
P0142,Conditioner,HairPro,Haircare,Silicone,0.42,402,5,85,27-01-2025,13-11-2027
P0143,Hair Serum,HairPro,Haircare,Alcohol,0.11,985,4.5,200,20-01-2025,16-12-2027
P0144,Hair Serum,HairPro,Haircare,Alcohol,0.8,335,4.4,100,21-04-2025,20-04-2027
P0145,Hair Serum,HairPro,Haircare,Alcohol,0.71,838,4.7,184,21-03-2025,21-02-2027
P0146,Glow Cream,DermCare,Skincare,Paraben,0.38,551,3.6,103,05-12-2025,10-02-2027
P0147,Sunscreen,SunSafe,Skincare,Oxybenzone,0.77,279,3.8,211,12-09-2025,17-09-2027
P0148,Hair Serum,HairPro,Haircare,Alcohol,0.85,363,4.9,133,24-05-2025,26-06-2027
P0149,Face Wash,SkinPure,Skincare,Sulfate,0.52,177,3.7,67,24-11-2025,13-11-2027
P0150,Night Cream,GlowCare,Skincare,Retinol,0.43,909,4.1,77,04-09-2025,12-08-2027
P0151,Hair Serum,HairPro,Haircare,Alcohol,,942,4.5,105,22-02-2025,
P0152,Glow Cream,DermCare,Skincare,Paraben,,674,4,166,21-04-2025,21-02-2027
P0153,Face Mask,PureSkin,Skincare,Clay,0.92,409,4.5,39,02-03-2025,10-01-2027
P0154,Face Mask,PureSkin,Skincare,Clay,0.2,340,4.8,44,,22-06-2027
P0155,Night Cream,GlowCare,Skincare,Retinol,0.48,860,,236,21-07-2025,27-02-2027
P0156,Face Mask,PureSkin,Skincare,Clay,0.65,386,3.5,104,15-04-2025,08-08-2027
P0157,Sunscreen,SunSafe,,Oxybenzone,0.19,802,4.1,240,12-11-2025,13-01-2027
P0158,Hair Serum,HairPro,,Alcohol,0.27,225,4.9,220,03-08-2025,07-11-2027
P0159,Conditioner,HairPro,Haircare,Silicone,0.97,151,4.7,72,26-03-2025,07-10-2027
P0160,Face Wash,SkinPure,Skincare,Sulfate,0.85,667,3.8,65,11-04-2025,26-03-2027
P0161,Conditioner,HairPro,Haircare,,0.1,979,,43,09-09-2025,04-03-2027
P0162,Glow Cream,DermCare,Skincare,Paraben,0.22,466,4.7,70,11-10-2025,06-01-2027
P0163,Hair Serum,HairPro,Haircare,Alcohol,0.15,859,4.1,39,03-12-2025,15-08-2027
P0164,Sunscreen,SunSafe,Skincare,Oxybenzone,0.56,211,4.2,66,02-10-2025,26-12-2027
P0165,Night Cream,GlowCare,Skincare,Retinol,0.37,758,4.9,25,28-08-2025,14-07-2027
P0166,Face Wash,SkinPure,Skincare,Sulfate,0.54,554,3.6,30,20-06-2025,03-03-2027
P0167,Lip Balm,BeautyX,Lipcare,Petroleum Jelly,0.35,748,4.4,192,13-06-2025,17-10-2027
P0168,Hair Serum,HairPro,Haircare,Alcohol,0.51,719,4.1,213,04-12-2025,21-11-2027
P0169,Night Cream,GlowCare,Skincare,Retinol,0.75,320,4.1,237,14-04-2025,27-06-2027
P0170,Face Mask,PureSkin,Skincare,Clay,0.46,,3.6,119,22-06-2025,
P0171,Lip Balm,BeautyX,Lipcare,Petroleum Jelly,0.72,585,3.6,222,03-02-2025,04-07-2027
P0172,Sunscreen,SunSafe,Skincare,Oxybenzone,0.83,669,3.6,153,11-09-2025,04-11-2027
P0173,Body Lotion,SoftCare,Bodycare,Glycerin,0.42,781,4.9,118,02-12-2025,20-05-2027
P0174,Hair Serum,HairPro,Haircare,Alcohol,0.42,691,4.3,49,16-11-2025,28-04-2027
P0175,Face Wash,SkinPure,Skincare,Sulfate,0.42,669,4.1,205,19-05-2025,26-04-2027
P0176,Body Lotion,SoftCare,Bodycare,Glycerin,0.86,885,4.7,167,21-11-2025,01-09-2027
P0177,Conditioner,HairPro,Haircare,,0.94,949,4.5,17,09-03-2025,25-12-2027
P0178,Hair Serum,HairPro,Haircare,Alcohol,0.93,459,3.5,232,19-03-2025,13-11-2027
P0179,Face Wash,SkinPure,Skincare,Sulfate,0.23,748,5,33,17-12-2025,13-04-2027
P0180,Body Lotion,SoftCare,Bodycare,Glycerin,0.51,261,4.1,194,25-06-2025,20-10-2027
P0181,Face Wash,SkinPure,Skincare,Sulfate,0.9,259,3.7,168,22-01-2025,09-02-2027
P0182,Face Mask,PureSkin,Skincare,Clay,0.7,597,4.4,116,07-05-2025,04-09-2027
P0183,Sunscreen,SunSafe,Skincare,Oxybenzone,0.49,390,4.5,161,17-08-2025,10-11-2027
P0184,Glow Cream,DermCare,Skincare,Paraben,0.3,713,3.6,62,07-05-2025,25-03-2027
P0185,Hair Serum,HairPro,Haircare,Alcohol,0.36,222,3.5,201,06-07-2025,13-03-2027
P0186,Night Cream,GlowCare,Skincare,Retinol,0.73,612,4.3,181,03-06-2025,28-07-2027
P0187,Glow Cream,DermCare,Skincare,Paraben,0.49,570,4.9,230,19-06-2025,19-07-2027
P0188,Body Lotion,SoftCare,Bodycare,Glycerin,0.74,527,3.9,113,11-01-2025,26-03-2027
P0189,Conditioner,HairPro,Haircare,Silicone,0.51,806,4.9,32,28-07-2025,08-02-2027
P0190,Body Lotion,SoftCare,Bodycare,Glycerin,0.63,636,3.6,232,24-05-2025,08-06-2027
P0191,Sunscreen,,Skincare,Oxybenzone,0.8,178,,39,17-09-2025,25-04-2027
P0192,Sunscreen,SunSafe,Skincare,Oxybenzone,0.42,938,4.5,47,04-04-2025,09-03-2027
P0193,Shampoo,NatureGlow,Haircare,Silicone,0.26,256,4.6,177,06-02-2025,16-11-2027
P0194,Face Mask,PureSkin,Skincare,Clay,0.78,878,4.4,184,21-10-2025,20-11-2027
P0195,Sunscreen,SunSafe,Skincare,Oxybenzone,0.88,742,4,122,16-02-2025,
P0196,Hair Serum,HairPro,Haircare,Alcohol,0.82,705,3.6,139,10-02-2025,15-08-2027
P0197,Glow Cream,DermCare,Skincare,Paraben,0.15,951,3.9,175,20-02-2025,
P0198,Body Lotion,SoftCare,Bodycare,,0.52,667,4.9,199,15-01-2025,21-10-2027
P0199,Shampoo,NatureGlow,Haircare,Silicone,0.39,587,4.3,25,04-08-2025,23-06-2027
P0200,Face Wash,SkinPure,Skincare,Sulfate,0.55,276,3.6,191,15-08-2025,
P0201,Conditioner,HairPro,Haircare,Silicone,0.24,481,4.9,109,25-07-2025,22-06-2027
P0202,Conditioner,HairPro,Haircare,Silicone,0.15,746,4.5,26,04-06-2025,22-09-2027
P0203,Body Lotion,SoftCare,Bodycare,Glycerin,0.36,841,4.8,242,28-10-2025,11-03-2027
P0204,Face Wash,SkinPure,Skincare,Sulfate,0.62,244,,89,23-11-2025,13-11-2027
P0205,Lip Balm,BeautyX,Lipcare,Petroleum Jelly,0.64,186,4,106,26-11-2025,27-06-2027
P0206,Lip Balm,BeautyX,Lipcare,Petroleum Jelly,0.7,948,4.9,185,03-09-2025,
P0207,Body Lotion,SoftCare,Bodycare,Glycerin,0.56,118,4,56,11-04-2025,07-08-2027
P0208,Shampoo,,Haircare,Silicone,1,258,3.6,226,17-02-2025,27-09-2027
P0209,Night Cream,,Skincare,Retinol,0.13,444,4.8,168,20-03-2025,05-07-2027
P0210,Lip Balm,BeautyX,Lipcare,Petroleum Jelly,0.26,809,4.7,217,24-03-2025,02-08-2027
P0211,,SoftCare,Bodycare,Glycerin,0.43,836,3.9,123,10-10-2025,26-12-2027
P0212,Face Mask,PureSkin,Skincare,Clay,0.31,344,4,217,27-08-2025,12-04-2027
P0213,Conditioner,HairPro,Haircare,Silicone,0.99,572,4.7,209,,14-09-2027
P0214,Lip Balm,BeautyX,Lipcare,,0.84,920,4.4,233,02-05-2025,16-11-2027
P0215,Sunscreen,SunSafe,Skincare,Oxybenzone,0.6,205,4.6,142,10-02-2025,25-02-2027
P0216,Lip Balm,BeautyX,Lipcare,Petroleum Jelly,0.35,625,3.7,121,08-02-2025,12-08-2027
P0217,Glow Cream,DermCare,Skincare,Paraben,0.47,505,4.3,70,03-07-2025,08-06-2027
P0218,Glow Cream,DermCare,Skincare,Paraben,0.39,201,4.8,176,26-06-2025,05-03-2027
P0219,Glow Cream,DermCare,Skincare,Paraben,0.36,949,4.2,222,25-03-2025,
P0220,Face Mask,PureSkin,Skincare,Clay,0.65,181,3.5,65,18-03-2025,20-12-2027
P0221,Night Cream,GlowCare,Skincare,Retinol,0.48,894,3.9,87,02-02-2025,14-04-2027
P0222,Conditioner,HairPro,,Silicone,0.51,213,4.8,137,18-10-2025,21-01-2027
P0223,Night Cream,GlowCare,Skincare,Retinol,0.62,835,3.7,119,20-01-2025,08-06-2027
P0224,Conditioner,HairPro,Haircare,Silicone,0.47,780,4.5,144,03-06-2025,18-09-2027
P0225,Night Cream,GlowCare,Skincare,Retinol,0.81,619,4.3,109,02-08-2025,13-11-2027
P0226,Sunscreen,SunSafe,Skincare,Oxybenzone,0.33,116,4,27,08-06-2025,22-12-2027
P0227,Face Wash,SkinPure,Skincare,Sulfate,0.79,852,4.6,44,12-01-2025,
P0228,Lip Balm,BeautyX,Lipcare,Petroleum Jelly,0.85,801,4.2,188,21-08-2025,26-03-2027
P0229,Lip Balm,BeautyX,Lipcare,Petroleum Jelly,0.16,894,4.9,19,07-05-2025,26-01-2027
P0230,Shampoo,NatureGlow,Haircare,Silicone,0.9,423,,141,27-07-2025,16-09-2027
P0231,Hair Serum,HairPro,Haircare,Alcohol,0.13,762,3.8,101,28-01-2025,11-11-2027
P0232,Hair Serum,HairPro,Haircare,Alcohol,0.21,476,4.2,112,15-12-2025,11-07-2027
P0233,Lip Balm,,Lipcare,Petroleum Jelly,0.55,609,4.1,214,09-09-2025,24-02-2027
P0234,Body Lotion,SoftCare,Bodycare,Glycerin,0.17,716,5,56,10-09-2025,04-06-2027
P0235,Face Wash,SkinPure,Skincare,Sulfate,0.4,402,4,164,14-12-2025,23-03-2027
P0236,Face Mask,PureSkin,Skincare,Clay,0.42,143,4.6,243,20-06-2025,09-07-2027
P0237,Glow Cream,DermCare,Skincare,Paraben,0.17,752,4.1,141,22-12-2025,01-03-2027
P0238,Lip Balm,BeautyX,Lipcare,Petroleum Jelly,0.86,794,4.7,18,03-03-2025,25-04-2027
P0239,Sunscreen,SunSafe,Skincare,Oxybenzone,0.43,680,3.5,49,15-11-2025,12-06-2027
P0240,Face Mask,PureSkin,Skincare,Clay,0.79,687,3.7,103,11-07-2025,09-11-2027
P0241,Shampoo,NatureGlow,Haircare,Silicone,0.96,126,4.6,137,13-09-2025,04-09-2027
P0242,Hair Serum,HairPro,Haircare,Alcohol,0.8,820,,166,23-05-2025,07-08-2027
P0243,Face Wash,SkinPure,Skincare,Sulfate,0.22,175,4.2,240,15-12-2025,26-02-2027
P0244,Sunscreen,SunSafe,Skincare,Oxybenzone,0.7,826,3.6,148,10-05-2025,23-03-2027
P0245,Lip Balm,BeautyX,Lipcare,Petroleum Jelly,0.81,620,3.8,61,08-03-2025,01-08-2027
P0246,Sunscreen,SunSafe,Skincare,Oxybenzone,0.6,477,4.2,151,20-03-2025,03-02-2027
P0247,Hair Serum,HairPro,Haircare,Alcohol,0.46,834,4.6,144,25-07-2025,27-07-2027
P0248,Conditioner,HairPro,Haircare,Silicone,0.17,424,4.5,125,22-08-2025,12-09-2027
P0249,Lip Balm,BeautyX,Lipcare,Petroleum Jelly,0.89,898,4.3,160,25-03-2025,14-03-2027
P0250,Night Cream,GlowCare,,Retinol,0.92,156,4.7,142,10-03-2025,06-03-2027
P0251,Sunscreen,SunSafe,Skincare,Oxybenzone,0.94,330,4,250,10-09-2025,09-02-2027
P0252,Shampoo,NatureGlow,Haircare,Silicone,0.67,664,3.9,170,20-05-2025,03-09-2027
P0253,Night Cream,GlowCare,Skincare,Retinol,0.68,706,4.9,49,22-03-2025,24-10-2027
P0254,Conditioner,HairPro,Haircare,Silicone,0.4,677,3.6,231,03-01-2025,21-01-2027
P0255,Conditioner,HairPro,,Silicone,0.34,315,4.7,116,21-10-2025,16-01-2027
P0256,Night Cream,GlowCare,Skincare,Retinol,0.36,409,4.2,216,13-11-2025,15-05-2027
P0257,Face Wash,SkinPure,Skincare,Sulfate,0.72,261,4.2,133,07-08-2025,20-06-2027
P0258,Lip Balm,BeautyX,Lipcare,Petroleum Jelly,0.38,835,4,230,13-06-2025,25-03-2027
P0259,Sunscreen,SunSafe,Skincare,Oxybenzone,0.56,208,4,129,09-02-2025,08-08-2027
P0260,Lip Balm,BeautyX,Lipcare,Petroleum Jelly,0.19,397,4.9,231,14-10-2025,28-04-2027
P0261,Lip Balm,BeautyX,Lipcare,Petroleum Jelly,0.83,691,4.6,58,16-03-2025,15-09-2027
P0262,Face Mask,PureSkin,Skincare,Clay,0.89,609,3.5,110,15-09-2025,07-04-2027
P0263,Conditioner,HairPro,Haircare,Silicone,0.42,151,3.9,162,22-11-2025,10-08-2027
P0264,Night Cream,GlowCare,Skincare,Retinol,0.11,210,4.1,235,24-05-2025,25-06-2027
P0265,Body Lotion,SoftCare,Bodycare,Glycerin,0.43,510,3.6,153,12-04-2025,10-09-2027
P0266,Face Wash,SkinPure,Skincare,Sulfate,0.45,561,4.6,81,22-10-2025,04-10-2027
P0267,Lip Balm,BeautyX,Lipcare,Petroleum Jelly,0.98,503,4.1,96,12-09-2025,07-03-2027
P0268,Conditioner,HairPro,Haircare,Silicone,0.56,612,3.6,19,23-03-2025,26-06-2027
P0269,Face Mask,PureSkin,Skincare,Clay,,252,4.4,,11-03-2025,11-10-2027
P0270,Lip Balm,BeautyX,Lipcare,Petroleum Jelly,0.45,731,4.6,86,11-10-2025,27-09-2027
P0271,Night Cream,GlowCare,Skincare,Retinol,0.58,825,4.3,,,22-06-2027
P0272,Face Wash,SkinPure,Skincare,Sulfate,0.98,697,4,240,28-12-2025,21-12-2027
P0273,Glow Cream,DermCare,Skincare,Paraben,0.64,371,5,210,19-10-2025,24-04-2027
P0274,Glow Cream,DermCare,Skincare,Paraben,0.63,,4.3,194,25-10-2025,05-07-2027
P0275,Shampoo,NatureGlow,Haircare,Silicone,0.13,817,3.7,14,11-08-2025,05-07-2027
P0276,Body Lotion,SoftCare,Bodycare,Glycerin,0.72,520,4.3,166,28-08-2025,24-12-2027
P0277,Glow Cream,DermCare,Skincare,Paraben,0.74,631,3.8,93,16-11-2025,13-09-2027
P0278,Sunscreen,SunSafe,Skincare,Oxybenzone,0.96,570,4.9,97,12-09-2025,25-11-2027
P0279,Hair Serum,HairPro,Haircare,Alcohol,0.65,296,4.9,81,10-09-2025,10-04-2027
P0280,Hair Serum,HairPro,Haircare,Alcohol,0.73,806,4.6,91,12-08-2025,26-09-2027
P0281,Hair Serum,HairPro,Haircare,Alcohol,0.36,687,4.5,107,27-07-2025,25-06-2027
P0282,Lip Balm,BeautyX,Lipcare,Petroleum Jelly,0.36,394,4.9,30,15-06-2025,09-11-2027
P0283,Face Mask,PureSkin,Skincare,Clay,,947,4.3,248,23-09-2025,05-05-2027
P0284,Face Wash,SkinPure,Skincare,Sulfate,0.65,700,3.9,22,17-11-2025,21-04-2027
P0285,Shampoo,,Haircare,Silicone,0.15,523,4,130,22-02-2025,01-03-2027
P0286,Night Cream,GlowCare,Skincare,Retinol,,261,4.1,249,16-08-2025,07-11-2027
P0287,Hair Serum,HairPro,Haircare,Alcohol,0.39,761,3.6,206,,08-10-2027
P0288,Night Cream,GlowCare,Skincare,Retinol,0.76,970,4.9,243,14-03-2025,02-03-2027
P0289,Body Lotion,SoftCare,Bodycare,Glycerin,0.81,290,4.9,233,02-05-2025,10-01-2027
P0290,Conditioner,HairPro,Haircare,Silicone,0.64,443,3.9,174,17-09-2025,05-08-2027
P0291,Night Cream,GlowCare,Skincare,Retinol,0.52,297,4.7,94,24-03-2025,21-08-2027
P0292,Hair Serum,HairPro,Haircare,Alcohol,0.75,,4.6,212,19-05-2025,25-11-2027
P0293,Shampoo,NatureGlow,Haircare,Silicone,0.26,976,4.5,113,17-07-2025,03-06-2027
P0294,Body Lotion,SoftCare,Bodycare,Glycerin,0.7,289,5,132,08-06-2025,09-01-2027
P0295,Body Lotion,SoftCare,Bodycare,Glycerin,0.31,871,3.9,94,19-05-2025,19-12-2027
P0296,Glow Cream,DermCare,Skincare,Paraben,0.34,468,4.5,25,04-11-2025,10-08-2027
P0297,Lip Balm,BeautyX,Lipcare,Petroleum Jelly,0.46,614,4.9,237,25-12-2025,23-05-2027
P0298,Face Wash,SkinPure,Skincare,Sulfate,0.67,402,4.1,66,05-04-2025,05-08-2027
P0299,Face Mask,PureSkin,Skincare,Clay,0.77,720,4.1,189,16-09-2025,26-09-2027
P0300,Shampoo,NatureGlow,Haircare,Silicone,0.79,,4.6,233,17-02-2025,17-08-2027
P0301,Sunscreen,SunSafe,Skincare,Oxybenzone,0.17,677,3.7,,17-09-2025,19-04-2027
P0302,Night Cream,GlowCare,Skincare,Retinol,0.23,435,4.8,123,22-02-2025,23-04-2027
P0303,Conditioner,HairPro,Haircare,Silicone,0.54,622,4.2,,05-08-2025,14-09-2027
P0304,Face Mask,PureSkin,Skincare,Clay,0.61,672,4.2,216,24-05-2025,13-01-2027
P0305,Hair Serum,HairPro,Haircare,Alcohol,0.83,863,3.8,28,14-01-2025,23-06-2027
P0306,Face Wash,SkinPure,Skincare,Sulfate,0.59,161,4.9,27,02-08-2025,14-05-2027
P0307,Lip Balm,BeautyX,Lipcare,Petroleum Jelly,0.79,884,4.5,196,14-11-2025,13-06-2027
P0308,Face Mask,PureSkin,Skincare,Clay,0.88,486,4.1,184,28-11-2025,05-09-2027
P0309,Sunscreen,SunSafe,Skincare,Oxybenzone,0.21,650,4.1,42,08-12-2025,25-01-2027
P0310,Glow Cream,DermCare,Skincare,Paraben,0.98,574,4.5,149,18-07-2025,27-07-2027
P0311,Shampoo,NatureGlow,Haircare,Silicone,0.32,454,3.7,58,25-12-2025,02-02-2027
P0312,Body Lotion,SoftCare,Bodycare,Glycerin,0.65,116,3.9,27,20-02-2025,15-01-2027
P0313,Conditioner,HairPro,Haircare,Silicone,0.7,993,3.6,199,13-01-2025,08-08-2027
P0314,Night Cream,GlowCare,Skincare,Retinol,0.3,984,4.7,45,10-09-2025,27-04-2027
P0315,Conditioner,HairPro,Haircare,Silicone,0.39,712,4.7,219,08-06-2025,05-05-2027
P0316,Night Cream,GlowCare,Skincare,Retinol,0.3,407,3.9,152,24-10-2025,21-03-2027
P0317,Body Lotion,SoftCare,Bodycare,Glycerin,0.6,148,5,174,13-11-2025,
P0318,Body Lotion,SoftCare,Bodycare,Glycerin,0.47,407,4.1,203,16-09-2025,28-04-2027
P0319,Shampoo,NatureGlow,Haircare,Silicone,0.37,824,3.7,128,18-01-2025,14-07-2027
P0320,Night Cream,GlowCare,Skincare,Retinol,0.58,497,3.9,,21-06-2025,15-02-2027
P0321,Sunscreen,SunSafe,Skincare,Oxybenzone,0.18,841,4.7,23,13-05-2025,20-11-2027
P0322,Conditioner,HairPro,Haircare,Silicone,0.14,174,3.8,204,24-10-2025,18-11-2027
P0323,Shampoo,NatureGlow,Haircare,Silicone,0.53,990,4.9,,07-01-2025,24-04-2027
P0324,Face Wash,SkinPure,Skincare,Sulfate,0.77,872,4.2,72,20-12-2025,07-12-2027
P0325,Body Lotion,SoftCare,Bodycare,Glycerin,0.92,,4,82,15-07-2025,21-09-2027
P0326,Sunscreen,SunSafe,Skincare,Oxybenzone,0.38,468,4.3,137,04-08-2025,16-12-2027
P0327,Sunscreen,SunSafe,Skincare,Oxybenzone,0.92,479,4,21,28-10-2025,24-04-2027
P0328,Lip Balm,,Lipcare,Petroleum Jelly,0.11,666,4.9,158,14-12-2025,
P0329,Shampoo,NatureGlow,Haircare,Silicone,0.4,488,4.4,72,18-08-2025,22-11-2027
P0330,Sunscreen,SunSafe,Skincare,Oxybenzone,0.33,941,4.2,195,24-11-2025,15-08-2027
P0331,Lip Balm,BeautyX,Lipcare,Petroleum Jelly,0.76,460,3.8,194,16-09-2025,18-03-2027
P0332,Glow Cream,DermCare,Skincare,Paraben,0.57,959,4.8,219,02-11-2025,14-01-2027
P0333,Lip Balm,BeautyX,Lipcare,Petroleum Jelly,0.86,336,3.6,48,,15-09-2027
P0334,Sunscreen,SunSafe,Skincare,Oxybenzone,0.15,753,4.5,167,22-08-2025,01-08-2027
P0335,Glow Cream,DermCare,Skincare,Paraben,0.58,521,,145,09-12-2025,10-09-2027
P0336,Glow Cream,DermCare,Skincare,Paraben,0.55,814,4.5,216,04-03-2025,17-02-2027
P0337,Lip Balm,BeautyX,Lipcare,Petroleum Jelly,0.32,734,4.3,218,09-06-2025,03-07-2027
P0338,Sunscreen,SunSafe,Skincare,Oxybenzone,,570,4.3,188,10-04-2025,27-11-2027
P0339,Face Wash,SkinPure,Skincare,Sulfate,0.69,978,4.5,18,13-02-2025,13-07-2027
P0340,Night Cream,GlowCare,Skincare,Retinol,0.53,752,3.5,53,16-02-2025,21-07-2027
P0341,Sunscreen,SunSafe,Skincare,Oxybenzone,0.61,978,5,239,02-09-2025,07-04-2027
P0342,Conditioner,HairPro,Haircare,Silicone,0.53,147,4.9,185,18-05-2025,22-10-2027
P0343,Glow Cream,DermCare,,Paraben,0.26,970,4,63,05-10-2025,27-12-2027
P0344,Body Lotion,SoftCare,Bodycare,Glycerin,0.94,406,3.7,71,27-10-2025,22-07-2027
P0345,Night Cream,GlowCare,Skincare,Retinol,0.4,873,4.6,212,24-12-2025,17-02-2027
P0346,Sunscreen,,Skincare,,0.15,547,3.8,29,20-06-2025,20-10-2027
P0347,Body Lotion,SoftCare,Bodycare,Glycerin,0.97,434,3.5,79,16-08-2025,12-04-2027
P0348,Night Cream,GlowCare,Skincare,Retinol,0.95,542,3.8,159,13-11-2025,25-02-2027
P0349,Conditioner,HairPro,Haircare,Silicone,0.37,352,4.6,31,05-05-2025,23-07-2027
P0350,Lip Balm,BeautyX,Lipcare,Petroleum Jelly,0.77,424,4,33,10-01-2025,12-08-2027
P0351,Hair Serum,HairPro,Haircare,Alcohol,0.19,189,3.8,124,18-09-2025,14-09-2027
P0352,Face Wash,SkinPure,,Sulfate,0.12,462,4.3,162,26-10-2025,28-06-2027
P0353,Body Lotion,SoftCare,Bodycare,Glycerin,0.11,523,4.1,31,18-12-2025,19-04-2027
P0354,Night Cream,GlowCare,Skincare,Retinol,0.25,489,3.8,78,09-05-2025,05-08-2027
P0355,Face Wash,SkinPure,Skincare,Sulfate,0.25,382,,133,12-02-2025,08-05-2027
P0356,Face Mask,PureSkin,Skincare,Clay,0.63,300,4.2,,01-05-2025,11-07-2027
P0357,Conditioner,HairPro,Haircare,Silicone,0.44,982,4,95,27-07-2025,20-11-2027
P0358,Lip Balm,BeautyX,Lipcare,Petroleum Jelly,0.37,717,4.9,61,11-08-2025,13-03-2027
P0359,Sunscreen,SunSafe,Skincare,Oxybenzone,0.36,811,4.4,157,11-04-2025,09-07-2027
P0360,Body Lotion,SoftCare,,Glycerin,0.43,677,3.8,149,22-03-2025,01-09-2027
P0361,Face Mask,PureSkin,Skincare,Clay,0.95,314,4.2,84,03-12-2025,22-07-2027
P0362,Face Mask,PureSkin,Skincare,Clay,0.23,410,3.9,178,23-03-2025,26-07-2027
P0363,Body Lotion,SoftCare,Bodycare,Glycerin,0.17,712,4.2,,17-09-2025,14-12-2027
P0364,Night Cream,GlowCare,Skincare,Retinol,0.13,468,4.6,217,20-09-2025,03-11-2027
P0365,Face Wash,SkinPure,Skincare,Sulfate,0.79,,4.5,52,20-11-2025,19-01-2027
P0366,Body Lotion,,Bodycare,Glycerin,0.97,439,4.9,120,01-02-2025,09-02-2027
P0367,Shampoo,NatureGlow,Haircare,Silicone,0.56,631,4.3,186,08-10-2025,12-08-2027
P0368,Body Lotion,SoftCare,Bodycare,Glycerin,0.52,795,4.4,138,12-03-2025,16-01-2027
P0369,Face Wash,SkinPure,Skincare,Sulfate,0.37,187,3.7,250,05-12-2025,10-06-2027
P0370,Sunscreen,SunSafe,Skincare,Oxybenzone,0.51,311,4.3,99,04-08-2025,24-08-2027
P0371,Face Mask,PureSkin,Skincare,,0.39,407,3.6,191,01-02-2025,21-06-2027
P0372,Face Wash,SkinPure,Skincare,Sulfate,0.71,268,4.9,199,17-04-2025,18-03-2027
P0373,Lip Balm,BeautyX,Lipcare,Petroleum Jelly,0.4,536,4.9,69,21-07-2025,06-03-2027
P0374,Body Lotion,SoftCare,Bodycare,Glycerin,0.46,855,4.4,60,19-08-2025,13-07-2027
P0375,Glow Cream,DermCare,Skincare,Paraben,0.73,310,3.9,190,19-02-2025,
P0376,Night Cream,GlowCare,,Retinol,0.27,433,3.8,39,22-05-2025,17-08-2027
P0377,Sunscreen,SunSafe,Skincare,Oxybenzone,0.64,725,4.1,39,12-06-2025,20-08-2027
P0378,Lip Balm,BeautyX,Lipcare,Petroleum Jelly,0.83,822,4.7,245,19-10-2025,22-02-2027
P0379,Lip Balm,BeautyX,Lipcare,Petroleum Jelly,0.38,344,4,56,23-06-2025,17-03-2027
P0380,Body Lotion,SoftCare,Bodycare,Glycerin,0.48,241,4.4,118,16-03-2025,18-11-2027
P0381,Lip Balm,BeautyX,Lipcare,Petroleum Jelly,0.6,601,3.9,57,,20-08-2027
P0382,Glow Cream,DermCare,Skincare,Paraben,0.88,109,4.2,59,18-07-2025,21-09-2027
P0383,Face Mask,PureSkin,Skincare,Clay,0.47,603,4.1,225,16-08-2025,03-03-2027
P0384,,HairPro,Haircare,Silicone,0.13,879,3.8,18,,10-09-2027
P0385,Lip Balm,BeautyX,Lipcare,Petroleum Jelly,0.8,679,4.6,206,18-08-2025,04-09-2027
P0386,Conditioner,HairPro,Haircare,Silicone,,893,4.3,103,27-09-2025,25-01-2027
P0387,Face Mask,,Skincare,Clay,0.59,535,,222,25-11-2025,10-04-2027
P0388,Glow Cream,DermCare,Skincare,Paraben,0.5,456,4.8,32,28-08-2025,25-02-2027
P0389,Shampoo,NatureGlow,Haircare,Silicone,0.29,855,4.4,99,20-12-2025,14-11-2027
P0390,Lip Balm,BeautyX,Lipcare,Petroleum Jelly,0.65,903,3.8,62,19-01-2025,18-06-2027
P0391,Hair Serum,HairPro,Haircare,Alcohol,0.64,272,4,190,10-05-2025,09-10-2027
P0392,Night Cream,GlowCare,Skincare,Retinol,0.99,795,4.7,44,02-07-2025,28-05-2027
P0393,Lip Balm,BeautyX,Lipcare,Petroleum Jelly,0.73,235,3.9,192,27-06-2025,25-04-2027
P0394,Body Lotion,SoftCare,Bodycare,Glycerin,0.54,691,4.4,170,13-07-2025,03-08-2027
P0395,Face Wash,SkinPure,Skincare,Sulfate,0.46,867,3.9,249,15-06-2025,11-08-2027
P0396,Conditioner,HairPro,,Silicone,0.1,892,4.8,33,15-12-2025,22-11-2027
P0397,Sunscreen,SunSafe,Skincare,Oxybenzone,0.87,914,4.3,65,27-07-2025,16-04-2027
P0398,Hair Serum,HairPro,Haircare,Alcohol,0.39,390,4,157,19-03-2025,26-08-2027
P0399,Sunscreen,SunSafe,Skincare,Oxybenzone,0.9,880,3.6,35,26-11-2025,01-08-2027
P0400,Face Wash,SkinPure,Skincare,Sulfate,0.94,261,4.2,10,07-07-2025,05-12-2027
P0401,Hair Serum,,Haircare,Alcohol,0.24,997,3.9,177,09-06-2025,12-02-2027
P0402,Lip Balm,BeautyX,Lipcare,Petroleum Jelly,0.15,740,4,189,14-04-2025,03-11-2027
P0403,Face Wash,SkinPure,Skincare,Sulfate,0.1,588,3.6,161,17-04-2025,15-11-2027
P0404,Glow Cream,DermCare,Skincare,Paraben,0.11,451,4.7,,23-07-2025,16-03-2027
P0405,Face Wash,SkinPure,Skincare,Sulfate,0.31,191,4.6,36,11-02-2025,10-06-2027
P0406,Lip Balm,BeautyX,Lipcare,Petroleum Jelly,0.44,932,4.6,44,22-11-2025,03-03-2027
P0407,,,,Retinol,0.61,724,4.5,122,24-06-2025,21-04-2027
P0408,Lip Balm,BeautyX,Lipcare,Petroleum Jelly,0.93,730,4.5,230,03-04-2025,05-02-2027
P0409,Face Wash,SkinPure,Skincare,Sulfate,0.63,493,4,119,26-06-2025,08-03-2027
P0410,Hair Serum,HairPro,Haircare,Alcohol,0.68,354,,163,20-12-2025,25-05-2027
P0411,Glow Cream,,Skincare,Paraben,0.86,774,4.8,62,20-09-2025,07-09-2027
P0412,Body Lotion,SoftCare,Bodycare,Glycerin,0.37,155,4.7,213,16-04-2025,04-07-2027
P0413,Shampoo,NatureGlow,Haircare,Silicone,,708,3.6,237,12-01-2025,05-06-2027
P0414,Body Lotion,SoftCare,Bodycare,Glycerin,0.87,682,4.1,149,06-11-2025,25-08-2027
P0415,,SkinPure,Skincare,Sulfate,0.12,169,3.5,65,02-01-2025,17-07-2027
P0416,Hair Serum,HairPro,Haircare,Alcohol,0.67,613,4.7,118,13-12-2025,21-02-2027
P0417,Night Cream,GlowCare,Skincare,,0.58,256,3.9,89,17-02-2025,26-04-2027
P0418,Lip Balm,BeautyX,Lipcare,Petroleum Jelly,0.58,500,4.4,205,22-11-2025,03-11-2027
P0419,Hair Serum,,Haircare,Alcohol,0.73,847,4.9,71,08-01-2025,14-02-2027
P0420,Face Wash,SkinPure,Skincare,Sulfate,0.51,723,3.6,180,22-12-2025,06-12-2027
P0421,Face Wash,SkinPure,Skincare,Sulfate,0.11,240,4.6,51,12-08-2025,17-09-2027
P0422,Hair Serum,HairPro,Haircare,Alcohol,0.25,229,4.6,233,24-05-2025,25-02-2027
P0423,Glow Cream,DermCare,Skincare,Paraben,0.4,539,3.9,26,23-05-2025,
P0424,Face Wash,SkinPure,Skincare,Sulfate,0.55,623,4,,06-10-2025,06-06-2027
P0425,Hair Serum,HairPro,Haircare,Alcohol,0.8,687,4.5,39,24-04-2025,01-09-2027
P0426,Glow Cream,DermCare,Skincare,Paraben,0.87,112,3.9,130,13-06-2025,06-03-2027
P0427,Glow Cream,DermCare,Skincare,Paraben,0.6,831,4.6,117,11-04-2025,14-04-2027
P0428,Sunscreen,SunSafe,Skincare,Oxybenzone,0.34,,4.4,40,22-09-2025,06-01-2027
P0429,Shampoo,NatureGlow,Haircare,Silicone,0.82,147,4.9,27,28-08-2025,25-05-2027
P0430,Hair Serum,HairPro,Haircare,Alcohol,0.39,666,4.2,104,,26-10-2027
P0431,Hair Serum,HairPro,Haircare,,0.77,348,4.2,161,25-08-2025,24-04-2027
P0432,Night Cream,GlowCare,Skincare,,0.78,351,3.7,248,01-07-2025,
P0433,Sunscreen,SunSafe,Skincare,Oxybenzone,0.67,810,4.8,95,25-01-2025,13-11-2027
P0434,Hair Serum,HairPro,Haircare,Alcohol,0.19,642,5,117,02-08-2025,23-03-2027
P0435,Hair Serum,HairPro,Haircare,Alcohol,0.18,337,4.8,143,23-07-2025,15-06-2027
P0436,Face Wash,SkinPure,Skincare,Sulfate,0.62,617,3.7,219,03-07-2025,19-10-2027
P0437,Glow Cream,DermCare,Skincare,Paraben,0.49,233,3.9,76,26-06-2025,23-07-2027
P0438,Sunscreen,SunSafe,Skincare,Oxybenzone,0.39,378,3.9,61,25-03-2025,04-10-2027
P0439,Lip Balm,BeautyX,Lipcare,Petroleum Jelly,0.2,560,4.2,114,18-02-2025,25-06-2027
P0440,Shampoo,NatureGlow,Haircare,Silicone,0.51,574,3.9,40,06-02-2025,10-11-2027
P0441,Conditioner,HairPro,Haircare,Silicone,0.14,955,4.8,47,23-02-2025,12-04-2027
P0442,Body Lotion,SoftCare,Bodycare,Glycerin,0.56,793,3.9,219,01-03-2025,28-07-2027
P0443,Face Mask,PureSkin,Skincare,Clay,0.6,663,3.9,128,26-02-2025,04-03-2027
P0444,Glow Cream,DermCare,Skincare,Paraben,0.16,899,5,43,27-04-2025,12-07-2027
P0445,Face Wash,SkinPure,Skincare,Sulfate,0.62,365,4.9,29,03-01-2025,21-04-2027
P0446,Face Mask,PureSkin,Skincare,Clay,0.83,194,4.9,222,04-06-2025,15-01-2027
P0447,Glow Cream,DermCare,Skincare,Paraben,0.25,687,4.1,195,16-07-2025,13-01-2027
P0448,Body Lotion,SoftCare,Bodycare,Glycerin,0.26,319,4.9,80,15-05-2025,02-03-2027
P0449,Conditioner,HairPro,Haircare,Silicone,0.66,351,4.5,137,18-07-2025,02-08-2027
P0450,Face Wash,SkinPure,Skincare,Sulfate,0.35,240,4.1,174,08-09-2025,26-11-2027
P0451,Night Cream,GlowCare,Skincare,Retinol,0.82,491,4.7,101,18-08-2025,12-08-2027
P0452,Conditioner,HairPro,Haircare,Silicone,0.55,497,3.9,16,20-06-2025,01-04-2027
P0453,Hair Serum,HairPro,Haircare,Alcohol,0.15,583,4.3,206,08-10-2025,04-03-2027
P0454,Shampoo,NatureGlow,Haircare,Silicone,0.69,372,4.3,212,02-12-2025,19-04-2027
P0455,Body Lotion,SoftCare,Bodycare,Glycerin,0.42,959,5,54,08-03-2025,11-10-2027
P0456,Sunscreen,SunSafe,Skincare,Oxybenzone,0.92,128,4.6,100,19-10-2025,19-03-2027
P0457,Shampoo,NatureGlow,Haircare,Silicone,0.85,929,4.8,,10-09-2025,16-03-2027
P0458,Glow Cream,DermCare,Skincare,Paraben,0.18,338,4.4,15,16-09-2025,11-01-2027
P0459,Conditioner,HairPro,Haircare,Silicone,0.28,233,4,55,02-06-2025,05-01-2027
P0460,Conditioner,HairPro,Haircare,Silicone,,245,4.7,,28-09-2025,03-06-2027
P0461,Sunscreen,SunSafe,Skincare,Oxybenzone,0.73,778,4.1,35,10-06-2025,05-06-2027
P0462,Lip Balm,BeautyX,Lipcare,Petroleum Jelly,0.76,547,4.7,134,11-11-2025,23-03-2027
P0463,Night Cream,GlowCare,Skincare,Retinol,0.72,728,4.7,67,19-11-2025,13-03-2027
P0464,Hair Serum,HairPro,Haircare,Alcohol,0.76,401,3.7,196,,13-10-2027
P0465,Conditioner,HairPro,Haircare,Silicone,0.13,716,4,217,08-10-2025,19-11-2027
P0466,Face Wash,SkinPure,Skincare,Sulfate,0.94,244,4,29,12-04-2025,06-06-2027
P0467,Face Wash,SkinPure,Skincare,Sulfate,0.84,786,4.5,236,,09-01-2027
P0468,Shampoo,NatureGlow,Haircare,Silicone,0.32,169,4,211,24-02-2025,
P0469,Body Lotion,SoftCare,Bodycare,Glycerin,0.49,529,5,236,16-07-2025,
P0470,Night Cream,GlowCare,Skincare,Retinol,0.44,948,4.2,231,21-10-2025,08-11-2027
P0471,Lip Balm,BeautyX,Lipcare,Petroleum Jelly,,918,4.8,85,11-01-2025,04-05-2027
P0472,Face Wash,SkinPure,Skincare,Sulfate,0.41,484,3.7,29,03-09-2025,20-06-2027
P0473,Conditioner,HairPro,Haircare,Silicone,0.9,821,3.5,177,20-03-2025,06-07-2027
P0474,Glow Cream,DermCare,Skincare,Paraben,0.19,310,5,114,18-12-2025,24-12-2027
P0475,Night Cream,GlowCare,Skincare,Retinol,0.34,388,3.9,34,13-01-2025,18-10-2027
P0476,,PureSkin,Skincare,Clay,0.24,469,3.5,32,27-05-2025,21-11-2027
P0477,Conditioner,HairPro,Haircare,Silicone,0.53,199,3.5,53,10-11-2025,16-02-2027
P0478,Face Wash,SkinPure,Skincare,Sulfate,0.38,507,4.2,239,09-11-2025,21-02-2027
P0479,Night Cream,GlowCare,Skincare,Retinol,0.45,479,4.8,104,15-03-2025,09-01-2027
P0480,Face Mask,PureSkin,Skincare,Clay,0.52,331,4.8,154,05-01-2025,22-12-2027
P0481,Face Wash,SkinPure,Skincare,Sulfate,0.18,452,4.7,115,08-10-2025,02-09-2027
P0482,Body Lotion,SoftCare,Bodycare,Glycerin,0.84,528,4.9,185,19-08-2025,16-04-2027
P0483,Hair Serum,HairPro,Haircare,Alcohol,0.17,974,4.6,,17-10-2025,22-10-2027
P0484,Conditioner,HairPro,Haircare,Silicone,0.23,875,4.2,52,26-04-2025,05-04-2027
P0485,Glow Cream,DermCare,Skincare,Paraben,0.48,799,4.2,220,05-11-2025,09-10-2027
P0486,Sunscreen,SunSafe,Skincare,Oxybenzone,0.92,926,3.6,109,13-09-2025,11-09-2027
P0487,Hair Serum,HairPro,Haircare,Alcohol,0.57,994,3.5,189,19-10-2025,26-09-2027
P0488,Body Lotion,SoftCare,Bodycare,Glycerin,0.2,,3.7,160,25-10-2025,04-02-2027
P0489,Conditioner,HairPro,Haircare,Silicone,0.8,904,3.9,147,14-06-2025,13-05-2027
P0490,Face Mask,PureSkin,Skincare,Clay,0.61,584,3.6,80,05-07-2025,20-10-2027
P0491,Body Lotion,SoftCare,Bodycare,Glycerin,0.13,1000,4,70,24-01-2025,09-08-2027
P0492,Sunscreen,SunSafe,Skincare,Oxybenzone,0.12,937,4.7,89,27-05-2025,28-08-2027
P0493,Face Wash,,Skincare,Sulfate,0.98,333,3.7,200,25-08-2025,
P0494,Body Lotion,SoftCare,Bodycare,Glycerin,0.64,191,3.8,64,24-07-2025,25-08-2027
P0495,Night Cream,GlowCare,Skincare,Retinol,0.88,940,3.6,212,,23-05-2027
P0496,Night Cream,GlowCare,Skincare,Retinol,0.46,899,4.8,235,,07-03-2027
P0497,,NatureGlow,Haircare,Silicone,0.85,355,3.5,22,23-06-2025,09-04-2027
P0498,Sunscreen,SunSafe,Skincare,Oxybenzone,0.84,617,4.1,246,22-02-2025,08-01-2027
P0499,,SunSafe,Skincare,Oxybenzone,0.54,556,3.8,232,19-08-2025,12-09-2027
P0500,Sunscreen,SunSafe,Skincare,Oxybenzone,0.25,364,4.6,186,10-02-2025,13-01-2027
P0501,Glow Cream,DermCare,Skincare,Paraben,0.25,685,,64,21-04-2025,22-04-2027
P0502,Shampoo,NatureGlow,Haircare,Silicone,0.34,519,4.3,231,01-11-2025,05-08-2027
P0503,Lip Balm,BeautyX,Lipcare,Petroleum Jelly,0.64,108,3.8,165,,21-12-2027
P0504,Hair Serum,HairPro,Haircare,Alcohol,0.48,485,4.8,127,07-05-2025,10-08-2027
P0505,Night Cream,GlowCare,Skincare,Retinol,0.84,506,4.4,11,22-09-2025,18-06-2027
P0506,Conditioner,HairPro,Haircare,Silicone,0.65,405,4.5,133,11-02-2025,21-05-2027
P0507,Sunscreen,SunSafe,Skincare,Oxybenzone,0.88,367,4.5,238,10-11-2025,05-04-2027
P0508,Night Cream,GlowCare,Skincare,Retinol,0.79,158,4.7,215,13-10-2025,11-11-2027
P0509,Lip Balm,BeautyX,Lipcare,Petroleum Jelly,0.75,771,4.2,85,14-05-2025,13-07-2027
P0510,Glow Cream,DermCare,Skincare,Paraben,0.62,685,4.7,97,23-12-2025,22-04-2027
P0511,Night Cream,GlowCare,Skincare,Retinol,0.67,587,4.9,181,17-06-2025,28-05-2027
P0512,Lip Balm,BeautyX,Lipcare,Petroleum Jelly,0.86,997,4.3,85,16-02-2025,24-03-2027
P0513,,HairPro,Haircare,Alcohol,0.75,672,4.6,56,11-11-2025,03-11-2027
P0514,Shampoo,NatureGlow,Haircare,Silicone,0.42,862,4.8,117,12-06-2025,19-05-2027
P0515,Hair Serum,HairPro,Haircare,Alcohol,0.52,220,4.2,231,19-11-2025,20-10-2027
P0516,Face Wash,SkinPure,Skincare,Sulfate,0.52,299,,232,13-11-2025,10-09-2027
P0517,Body Lotion,SoftCare,Bodycare,Glycerin,0.15,974,3.7,61,14-06-2025,15-10-2027
P0518,Lip Balm,BeautyX,Lipcare,Petroleum Jelly,0.38,832,3.8,30,11-08-2025,06-11-2027
P0519,Sunscreen,SunSafe,Skincare,Oxybenzone,,104,4.2,63,19-03-2025,16-03-2027
P0520,Face Wash,SkinPure,Skincare,Sulfate,0.22,544,4.5,113,16-07-2025,01-07-2027
P0521,Glow Cream,DermCare,Skincare,Paraben,0.58,848,4.1,13,25-06-2025,07-09-2027
P0522,Glow Cream,DermCare,Skincare,Paraben,0.71,741,4.6,67,12-12-2025,05-05-2027
P0523,,SkinPure,Skincare,Sulfate,0.45,702,4,26,10-01-2025,15-05-2027
P0524,Night Cream,GlowCare,Skincare,Retinol,0.64,445,4.2,185,,12-08-2027
P0525,Shampoo,NatureGlow,Haircare,Silicone,0.25,931,4.1,68,24-04-2025,07-03-2027
P0526,Glow Cream,DermCare,Skincare,Paraben,,,3.7,192,26-11-2025,13-01-2027
P0527,Hair Serum,HairPro,Haircare,Alcohol,0.79,738,3.6,22,04-11-2025,27-11-2027
P0528,Glow Cream,DermCare,Skincare,Paraben,0.14,218,4.1,107,18-02-2025,16-05-2027
P0529,Lip Balm,BeautyX,Lipcare,Petroleum Jelly,0.28,802,4.4,87,22-07-2025,22-02-2027
P0530,Night Cream,GlowCare,Skincare,Retinol,0.34,720,4.6,117,17-02-2025,20-12-2027
P0531,Face Wash,SkinPure,Skincare,Sulfate,0.35,903,3.7,60,07-10-2025,27-05-2027
P0532,Night Cream,GlowCare,Skincare,Retinol,0.98,466,4.6,85,02-03-2025,16-09-2027
P0533,Shampoo,NatureGlow,Haircare,Silicone,0.72,592,4,10,22-01-2025,04-02-2027
P0534,Conditioner,HairPro,Haircare,Silicone,0.7,252,4.9,209,03-09-2025,24-12-2027
P0535,Face Wash,SkinPure,Skincare,Sulfate,0.91,759,3.8,85,15-05-2025,04-01-2027
P0536,Lip Balm,BeautyX,Lipcare,Petroleum Jelly,0.89,972,3.9,215,11-11-2025,24-07-2027
P0537,Face Wash,SkinPure,,Sulfate,0.19,876,4.8,12,,06-11-2027
P0538,Sunscreen,SunSafe,Skincare,Oxybenzone,0.42,548,4.9,78,03-12-2025,27-06-2027
P0539,Sunscreen,SunSafe,Skincare,Oxybenzone,0.26,510,4.1,126,27-05-2025,23-07-2027
P0540,Face Mask,PureSkin,Skincare,,0.82,764,4.8,52,05-02-2025,24-12-2027
P0541,Glow Cream,DermCare,Skincare,Paraben,0.98,964,3.7,116,16-10-2025,22-10-2027
P0542,Face Mask,PureSkin,Skincare,Clay,0.26,488,4.7,166,28-01-2025,27-11-2027
P0543,Lip Balm,BeautyX,Lipcare,Petroleum Jelly,0.53,599,3.7,115,02-08-2025,09-02-2027
P0544,Sunscreen,SunSafe,Skincare,Oxybenzone,0.11,989,4.5,206,19-12-2025,19-12-2027
P0545,Shampoo,NatureGlow,Haircare,Silicone,0.98,785,4.8,142,23-09-2025,20-12-2027
P0546,Face Wash,SkinPure,Skincare,Sulfate,0.49,844,3.9,98,22-11-2025,13-11-2027
P0547,Lip Balm,BeautyX,Lipcare,Petroleum Jelly,0.86,671,4.8,166,01-01-2025,06-11-2027
P0548,Night Cream,GlowCare,Skincare,Retinol,0.86,972,,52,25-02-2025,11-08-2027
P0549,Shampoo,NatureGlow,Haircare,Silicone,0.4,384,3.6,67,21-09-2025,13-07-2027
P0550,Shampoo,NatureGlow,Haircare,Silicone,0.17,554,4.7,124,28-02-2025,15-08-2027
P0551,Sunscreen,SunSafe,Skincare,Oxybenzone,0.21,609,4.6,14,13-02-2025,02-07-2027
P0552,Night Cream,GlowCare,Skincare,Retinol,0.59,945,,164,21-10-2025,17-05-2027
P0553,Night Cream,GlowCare,,Retinol,0.29,787,4.2,97,27-06-2025,27-01-2027
P0554,Shampoo,NatureGlow,Haircare,Silicone,0.86,439,4.3,168,16-10-2025,22-12-2027
P0555,Sunscreen,SunSafe,Skincare,Oxybenzone,0.74,216,3.6,178,01-04-2025,12-06-2027
P0556,Hair Serum,HairPro,,Alcohol,0.59,482,4.6,21,16-03-2025,27-03-2027
P0557,Body Lotion,SoftCare,Bodycare,Glycerin,0.2,725,3.8,40,07-07-2025,27-08-2027
P0558,Shampoo,NatureGlow,Haircare,Silicone,0.75,210,4.6,21,27-11-2025,19-11-2027
P0559,Face Wash,SkinPure,Skincare,Sulfate,0.79,561,4.2,160,05-09-2025,01-08-2027
P0560,Night Cream,GlowCare,Skincare,Retinol,0.76,666,4.9,224,16-10-2025,25-09-2027
P0561,Lip Balm,BeautyX,Lipcare,Petroleum Jelly,0.72,277,4.6,42,13-02-2025,20-11-2027
P0562,Conditioner,HairPro,Haircare,Silicone,0.89,616,4.8,117,23-10-2025,09-04-2027
P0563,Body Lotion,SoftCare,,Glycerin,0.97,401,4.2,44,14-03-2025,23-10-2027
P0564,Night Cream,GlowCare,Skincare,Retinol,0.37,818,4.3,90,24-12-2025,21-09-2027
P0565,Shampoo,NatureGlow,Haircare,Silicone,0.28,739,,185,22-06-2025,23-03-2027
P0566,,BeautyX,Lipcare,Petroleum Jelly,0.55,810,4.5,191,25-02-2025,18-06-2027
P0567,Face Mask,PureSkin,Skincare,Clay,0.62,783,4.6,182,27-12-2025,10-09-2027
P0568,Body Lotion,SoftCare,Bodycare,Glycerin,0.83,635,3.7,107,02-03-2025,02-11-2027
P0569,Shampoo,NatureGlow,Haircare,Silicone,0.34,904,3.7,83,09-11-2025,27-03-2027
P0570,Glow Cream,DermCare,Skincare,,0.72,402,3.8,148,12-01-2025,04-08-2027
P0571,Conditioner,HairPro,Haircare,Silicone,0.88,857,4.3,,21-12-2025,13-09-2027
P0572,Shampoo,NatureGlow,Haircare,Silicone,0.56,915,4.7,83,22-12-2025,13-01-2027
P0573,Body Lotion,SoftCare,Bodycare,Glycerin,0.47,907,5,90,,24-01-2027
P0574,Hair Serum,HairPro,Haircare,Alcohol,0.28,989,4.7,232,27-08-2025,21-04-2027
P0575,Sunscreen,SunSafe,Skincare,Oxybenzone,0.78,659,4.6,60,07-12-2025,15-05-2027
P0576,Lip Balm,,Lipcare,Petroleum Jelly,0.99,176,3.8,54,17-12-2025,13-02-2027
P0577,Glow Cream,DermCare,Skincare,Paraben,0.49,669,3.9,51,,01-05-2027
P0578,Sunscreen,,Skincare,Oxybenzone,0.52,258,3.6,247,20-06-2025,
P0579,Conditioner,HairPro,Haircare,Silicone,0.86,,4.2,156,12-09-2025,
P0580,Sunscreen,SunSafe,Skincare,Oxybenzone,0.57,288,4.3,211,06-09-2025,18-07-2027
P0581,Night Cream,GlowCare,Skincare,Retinol,0.46,457,3.8,64,11-11-2025,12-06-2027
P0582,Hair Serum,HairPro,Haircare,Alcohol,0.3,870,4.4,131,27-09-2025,01-11-2027
P0583,Face Wash,SkinPure,,Sulfate,0.7,556,3.9,174,20-10-2025,02-04-2027
P0584,Sunscreen,SunSafe,Skincare,Oxybenzone,0.44,915,4.9,108,18-05-2025,10-12-2027
P0585,Glow Cream,DermCare,Skincare,Paraben,0.92,941,4.7,141,15-09-2025,02-08-2027
P0586,Hair Serum,HairPro,Haircare,Alcohol,0.91,297,4,31,06-02-2025,18-09-2027
P0587,Glow Cream,DermCare,Skincare,Paraben,0.66,315,4.5,208,28-04-2025,14-11-2027
P0588,Face Wash,SkinPure,Skincare,Sulfate,0.29,948,4.6,199,21-07-2025,24-02-2027
P0589,Lip Balm,BeautyX,Lipcare,Petroleum Jelly,0.12,834,4,32,02-02-2025,26-03-2027
P0590,Hair Serum,HairPro,Haircare,Alcohol,0.6,688,4.7,,14-05-2025,15-07-2027
P0591,Body Lotion,SoftCare,Bodycare,Glycerin,0.49,117,4.1,40,01-09-2025,24-11-2027
P0592,Conditioner,HairPro,Haircare,Silicone,0.16,863,4.4,189,12-02-2025,04-09-2027
P0593,Hair Serum,HairPro,Haircare,Alcohol,0.81,408,4.4,82,13-08-2025,27-07-2027
P0594,Glow Cream,DermCare,Skincare,Paraben,0.53,646,3.8,201,26-07-2025,10-09-2027
P0595,Lip Balm,BeautyX,Lipcare,Petroleum Jelly,0.37,914,4.8,175,01-06-2025,28-09-2027
P0596,Night Cream,GlowCare,Skincare,Retinol,0.23,142,3.5,162,18-07-2025,03-09-2027
P0597,Hair Serum,HairPro,Haircare,Alcohol,0.29,859,4.9,98,14-04-2025,28-11-2027
P0598,Night Cream,GlowCare,Skincare,Retinol,0.23,288,3.8,223,07-05-2025,06-02-2027
P0599,Conditioner,HairPro,Haircare,Silicone,0.87,971,4.6,150,21-08-2025,03-09-2027
P0600,Hair Serum,HairPro,Haircare,Alcohol,0.7,356,3.6,195,16-10-2025,12-06-2027
P0601,Lip Balm,BeautyX,Lipcare,Petroleum Jelly,0.7,340,3.7,168,07-02-2025,16-06-2027
P0602,Face Mask,PureSkin,Skincare,Clay,0.4,775,4,159,19-03-2025,12-10-2027
P0603,Sunscreen,SunSafe,Skincare,Oxybenzone,0.96,272,3.5,73,23-04-2025,21-12-2027
P0604,Body Lotion,SoftCare,Bodycare,Glycerin,0.35,468,3.7,197,16-06-2025,15-08-2027
P0605,Sunscreen,SunSafe,Skincare,Oxybenzone,0.8,,4.3,54,20-11-2025,27-02-2027
P0606,Hair Serum,HairPro,Haircare,Alcohol,0.87,243,4.8,60,24-05-2025,
P0607,Face Wash,SkinPure,Skincare,Sulfate,0.9,969,4.3,17,19-10-2025,25-07-2027
P0608,Conditioner,HairPro,Haircare,Silicone,0.29,,4.3,149,16-09-2025,25-11-2027
P0609,Lip Balm,BeautyX,Lipcare,Petroleum Jelly,0.43,328,4.8,160,28-12-2025,05-05-2027
P0610,Face Mask,PureSkin,Skincare,Clay,0.55,192,4.1,138,22-01-2025,28-04-2027
P0611,Conditioner,HairPro,Haircare,Silicone,0.72,875,4.3,124,06-03-2025,19-10-2027
P0612,Lip Balm,,Lipcare,Petroleum Jelly,0.76,595,4.9,20,25-04-2025,08-08-2027
P0613,Face Wash,SkinPure,Skincare,Sulfate,0.34,339,3.6,62,26-09-2025,13-06-2027
P0614,Face Mask,PureSkin,Skincare,Clay,0.93,147,3.6,176,04-06-2025,17-12-2027
P0615,Hair Serum,HairPro,Haircare,Alcohol,0.85,369,4.4,155,,13-11-2027
P0616,Sunscreen,SunSafe,Skincare,Oxybenzone,0.63,955,3.6,74,,13-09-2027
P0617,Sunscreen,SunSafe,Skincare,Oxybenzone,0.84,453,4.2,133,01-10-2025,05-09-2027
P0618,Face Mask,PureSkin,Skincare,Clay,0.25,178,4.3,81,05-04-2025,06-03-2027
P0619,Sunscreen,SunSafe,,Oxybenzone,0.64,936,3.7,68,26-07-2025,24-06-2027
P0620,Face Wash,SkinPure,Skincare,Sulfate,0.53,590,4.2,161,21-03-2025,01-07-2027
P0621,Shampoo,NatureGlow,Haircare,Silicone,0.14,687,4.4,44,17-11-2025,19-01-2027
P0622,Lip Balm,BeautyX,Lipcare,Petroleum Jelly,0.15,364,4.9,142,20-07-2025,21-10-2027
P0623,Glow Cream,DermCare,Skincare,Paraben,0.89,845,4.5,82,07-02-2025,20-08-2027
P0624,Face Mask,PureSkin,Skincare,Clay,0.88,274,3.8,115,05-10-2025,27-10-2027
P0625,Lip Balm,BeautyX,Lipcare,Petroleum Jelly,0.66,623,3.9,195,11-11-2025,20-08-2027
P0626,Conditioner,HairPro,Haircare,Silicone,0.16,487,4.1,37,07-01-2025,28-09-2027
P0627,Night Cream,GlowCare,,Retinol,0.72,946,3.7,34,16-03-2025,20-10-2027
P0628,Glow Cream,DermCare,Skincare,Paraben,0.89,644,4.3,40,16-02-2025,05-11-2027
P0629,Conditioner,HairPro,Haircare,Silicone,,101,4.8,208,21-11-2025,17-07-2027
P0630,Body Lotion,SoftCare,Bodycare,Glycerin,0.43,144,4.5,119,26-04-2025,26-08-2027
P0631,Body Lotion,SoftCare,Bodycare,Glycerin,0.42,923,4.6,204,19-12-2025,14-02-2027
P0632,Lip Balm,BeautyX,Lipcare,Petroleum Jelly,0.33,884,3.8,229,10-02-2025,18-10-2027
P0633,Body Lotion,SoftCare,Bodycare,Glycerin,0.33,105,4.6,212,19-01-2025,04-09-2027
P0634,Night Cream,GlowCare,Skincare,Retinol,0.11,770,3.8,215,14-06-2025,04-06-2027
P0635,Lip Balm,BeautyX,Lipcare,Petroleum Jelly,0.48,699,3.9,228,14-09-2025,12-10-2027
P0636,Conditioner,HairPro,Haircare,Silicone,0.35,796,4.1,62,18-07-2025,16-09-2027
P0637,Lip Balm,BeautyX,Lipcare,Petroleum Jelly,0.43,,4.2,88,12-10-2025,13-12-2027
P0638,Lip Balm,BeautyX,Lipcare,Petroleum Jelly,0.87,775,3.7,68,26-08-2025,06-12-2027
P0639,Face Wash,SkinPure,Skincare,Sulfate,0.29,510,4.7,215,20-09-2025,22-12-2027
P0640,Glow Cream,DermCare,Skincare,Paraben,0.24,751,3.5,33,16-03-2025,14-10-2027
P0641,Face Wash,SkinPure,Skincare,Sulfate,0.16,327,4.1,,24-01-2025,13-07-2027
P0642,Conditioner,HairPro,Haircare,Silicone,0.69,393,4.6,162,25-01-2025,21-03-2027
P0643,Face Mask,PureSkin,Skincare,Clay,0.5,306,4.8,248,10-09-2025,02-04-2027
P0644,Conditioner,HairPro,Haircare,Silicone,0.56,815,3.8,53,02-11-2025,08-06-2027
P0645,Glow Cream,DermCare,Skincare,Paraben,0.98,188,5,209,12-07-2025,13-11-2027
P0646,Body Lotion,SoftCare,Bodycare,Glycerin,0.63,630,3.5,190,03-02-2025,10-09-2027
P0647,Night Cream,GlowCare,Skincare,,0.92,456,4,,08-05-2025,
P0648,Face Mask,,Skincare,Clay,0.94,688,3.5,54,17-07-2025,18-02-2027
P0649,Face Wash,SkinPure,Skincare,Sulfate,0.55,448,4.9,215,09-09-2025,27-09-2027
P0650,Conditioner,HairPro,Haircare,Silicone,0.33,553,4.9,154,25-08-2025,25-04-2027
P0651,Sunscreen,SunSafe,Skincare,Oxybenzone,0.97,569,4.5,239,28-10-2025,16-01-2027
P0652,Face Wash,SkinPure,Skincare,Sulfate,0.33,491,4.5,66,23-11-2025,26-04-2027
P0653,Sunscreen,SunSafe,Skincare,Oxybenzone,,461,4.3,12,27-12-2025,08-05-2027
P0654,Hair Serum,HairPro,Haircare,Alcohol,0.18,789,4.6,97,18-02-2025,16-03-2027
P0655,Sunscreen,SunSafe,Skincare,Oxybenzone,0.42,687,3.9,201,07-11-2025,24-08-2027
P0656,Shampoo,NatureGlow,Haircare,Silicone,0.31,347,4.8,62,07-04-2025,27-04-2027
P0657,Conditioner,HairPro,Haircare,Silicone,0.42,897,3.7,245,22-02-2025,16-11-2027
P0658,Conditioner,HairPro,Haircare,Silicone,0.11,977,4.3,20,12-08-2025,11-10-2027
P0659,Face Mask,PureSkin,Skincare,Clay,0.91,688,4.8,135,25-03-2025,09-09-2027
P0660,Body Lotion,SoftCare,Bodycare,,0.3,690,3.7,144,16-07-2025,02-09-2027
P0661,,GlowCare,Skincare,Retinol,0.41,981,4.5,54,04-08-2025,17-12-2027
P0662,Face Mask,PureSkin,Skincare,Clay,0.38,108,3.5,63,19-07-2025,11-02-2027
P0663,Sunscreen,SunSafe,Skincare,Oxybenzone,0.65,365,3.8,77,09-04-2025,20-08-2027
P0664,Sunscreen,SunSafe,Skincare,Oxybenzone,0.43,610,4.1,117,25-12-2025,12-06-2027
P0665,Body Lotion,SoftCare,Bodycare,Glycerin,0.35,284,4.4,157,08-11-2025,24-02-2027
P0666,Hair Serum,HairPro,Haircare,Alcohol,0.82,668,4.1,107,,05-12-2027
P0667,,PureSkin,Skincare,Clay,0.83,280,4.1,44,17-11-2025,24-09-2027
P0668,Sunscreen,SunSafe,Skincare,Oxybenzone,0.81,407,3.9,229,02-10-2025,04-07-2027
P0669,Lip Balm,BeautyX,Lipcare,Petroleum Jelly,0.15,933,3.9,224,04-11-2025,24-08-2027
P0670,Sunscreen,SunSafe,Skincare,Oxybenzone,0.33,468,4.3,248,12-05-2025,14-01-2027
P0671,Face Wash,SkinPure,,Sulfate,0.42,795,4.9,60,19-10-2025,21-11-2027
P0672,Night Cream,GlowCare,Skincare,Retinol,0.26,899,3.9,93,17-11-2025,25-08-2027
P0673,Face Mask,PureSkin,Skincare,Clay,0.9,490,4.4,128,05-11-2025,21-03-2027
P0674,Sunscreen,SunSafe,Skincare,Oxybenzone,0.48,727,4.4,227,03-02-2025,11-03-2027
P0675,Shampoo,NatureGlow,Haircare,Silicone,0.38,,3.9,78,21-10-2025,09-07-2027
P0676,Face Mask,PureSkin,Skincare,Clay,0.8,471,4.6,143,14-08-2025,06-03-2027
P0677,Glow Cream,DermCare,Skincare,Paraben,0.21,340,4.5,250,23-12-2025,03-12-2027
P0678,Shampoo,NatureGlow,Haircare,,0.25,205,3.6,249,18-08-2025,01-01-2027
P0679,Body Lotion,SoftCare,Bodycare,Glycerin,0.57,185,3.7,168,03-03-2025,13-11-2027
P0680,Hair Serum,,,Alcohol,0.31,855,3.9,170,05-03-2025,27-09-2027
P0681,Lip Balm,BeautyX,Lipcare,Petroleum Jelly,0.13,779,4,244,28-06-2025,15-08-2027
P0682,Night Cream,GlowCare,Skincare,Retinol,0.94,661,4.2,188,06-09-2025,20-10-2027
P0683,Face Mask,PureSkin,Skincare,Clay,0.67,751,4.8,121,21-09-2025,18-11-2027
P0684,Hair Serum,HairPro,Haircare,Alcohol,0.92,593,4.3,216,15-02-2025,12-05-2027
P0685,Body Lotion,SoftCare,Bodycare,Glycerin,0.33,410,3.5,143,12-03-2025,16-05-2027
P0686,Night Cream,GlowCare,Skincare,Retinol,0.11,603,4.9,132,01-05-2025,26-07-2027
P0687,Hair Serum,HairPro,Haircare,Alcohol,0.64,915,3.5,105,14-04-2025,14-09-2027
P0688,Body Lotion,SoftCare,,Glycerin,,832,4.6,109,08-07-2025,03-05-2027
P0689,Body Lotion,SoftCare,Bodycare,Glycerin,0.66,629,4.6,242,26-10-2025,22-12-2027
P0690,Hair Serum,HairPro,Haircare,,0.36,860,4.3,78,07-07-2025,06-02-2027
P0691,Lip Balm,BeautyX,Lipcare,Petroleum Jelly,0.36,,4.2,,23-05-2025,16-10-2027
P0692,Shampoo,NatureGlow,Haircare,Silicone,0.39,255,3.6,146,06-01-2025,10-02-2027
P0693,Hair Serum,HairPro,Haircare,Alcohol,0.21,548,4.6,69,05-02-2025,16-01-2027
P0694,Shampoo,NatureGlow,Haircare,Silicone,0.41,419,4.7,137,15-06-2025,26-12-2027
P0695,Glow Cream,DermCare,Skincare,Paraben,0.4,963,4.6,47,09-01-2025,03-07-2027
P0696,Night Cream,GlowCare,Skincare,Retinol,0.52,296,4.8,74,27-07-2025,04-01-2027
P0697,Shampoo,NatureGlow,Haircare,Silicone,0.45,553,3.9,18,15-04-2025,25-12-2027
P0698,Face Wash,SkinPure,Skincare,Sulfate,0.57,313,4.2,184,11-05-2025,21-03-2027
P0699,Glow Cream,DermCare,Skincare,Paraben,0.77,662,4.3,74,21-08-2025,07-05-2027
P0700,Sunscreen,SunSafe,Skincare,Oxybenzone,0.9,984,4.5,38,21-04-2025,11-07-2027
P0701,Glow Cream,DermCare,Skincare,Paraben,0.25,382,4.4,111,01-04-2025,19-01-2027
P0702,Face Mask,PureSkin,Skincare,Clay,0.72,258,4.1,,06-04-2025,03-08-2027
P0703,Conditioner,HairPro,Haircare,Silicone,0.4,877,4.4,25,21-06-2025,23-03-2027
P0704,Night Cream,GlowCare,Skincare,Retinol,0.81,228,4.2,91,26-09-2025,25-11-2027
P0705,Sunscreen,SunSafe,Skincare,Oxybenzone,0.82,549,4.6,15,13-12-2025,24-06-2027
P0706,Lip Balm,BeautyX,Lipcare,Petroleum Jelly,0.33,140,4.2,122,10-09-2025,23-09-2027
P0707,Face Mask,PureSkin,Skincare,,0.27,291,4.3,92,15-12-2025,28-05-2027
P0708,Conditioner,HairPro,Haircare,Silicone,0.92,667,3.7,,15-03-2025,27-05-2027
P0709,Hair Serum,HairPro,Haircare,Alcohol,0.59,564,3.5,,13-09-2025,06-12-2027
P0710,Glow Cream,DermCare,Skincare,Paraben,0.66,,4.7,71,24-06-2025,22-02-2027
P0711,Night Cream,GlowCare,Skincare,Retinol,0.84,294,4.3,137,05-09-2025,10-10-2027
P0712,Sunscreen,SunSafe,Skincare,Oxybenzone,0.47,429,3.7,143,03-11-2025,27-01-2027
P0713,Lip Balm,BeautyX,Lipcare,Petroleum Jelly,0.26,132,3.8,134,04-04-2025,
P0714,Body Lotion,SoftCare,Bodycare,Glycerin,0.69,638,4.4,161,02-05-2025,08-06-2027
P0715,Conditioner,HairPro,Haircare,Silicone,0.75,113,4.9,63,16-11-2025,15-02-2027
P0716,Glow Cream,DermCare,Skincare,Paraben,0.42,861,4.9,116,26-06-2025,02-12-2027
P0717,Conditioner,HairPro,Haircare,Silicone,0.34,141,4.6,223,03-05-2025,17-04-2027
P0718,Face Wash,SkinPure,Skincare,Sulfate,0.19,336,4.3,58,17-04-2025,08-11-2027
P0719,Conditioner,HairPro,Haircare,Silicone,0.66,283,4.3,152,24-07-2025,25-02-2027
P0720,Conditioner,HairPro,Haircare,Silicone,,569,4.6,119,06-02-2025,18-03-2027
P0721,Body Lotion,SoftCare,Bodycare,Glycerin,0.55,773,3.7,163,12-08-2025,18-06-2027
P0722,Sunscreen,SunSafe,Skincare,Oxybenzone,0.86,522,4.6,120,11-12-2025,08-10-2027
P0723,Conditioner,HairPro,Haircare,Silicone,0.59,484,4.6,247,09-12-2025,15-06-2027
P0724,Face Mask,PureSkin,Skincare,Clay,0.96,100,4.6,82,01-10-2025,05-09-2027
P0725,Hair Serum,HairPro,Haircare,,0.11,327,3.8,90,25-01-2025,27-12-2027
P0726,Hair Serum,HairPro,Haircare,Alcohol,0.93,623,,247,05-10-2025,02-02-2027
P0727,Face Mask,PureSkin,Skincare,Clay,0.42,241,3.9,237,08-10-2025,09-04-2027
P0728,,HairPro,,Alcohol,0.18,509,4.4,65,03-12-2025,11-12-2027
P0729,Face Mask,PureSkin,Skincare,Clay,0.26,945,4.8,189,27-10-2025,20-02-2027
P0730,Hair Serum,HairPro,Haircare,Alcohol,0.13,927,4.4,30,25-01-2025,12-06-2027
P0731,Body Lotion,SoftCare,Bodycare,Glycerin,0.47,988,3.7,207,24-04-2025,28-11-2027
P0732,Conditioner,HairPro,Haircare,Silicone,0.94,749,4.7,107,10-01-2025,02-09-2027
P0733,Sunscreen,SunSafe,Skincare,Oxybenzone,0.59,253,4,188,05-04-2025,22-01-2027
P0734,Body Lotion,SoftCare,Bodycare,Glycerin,0.97,870,4.4,139,08-02-2025,10-07-2027
P0735,Body Lotion,SoftCare,Bodycare,Glycerin,0.23,444,3.6,156,02-12-2025,13-09-2027
P0736,Hair Serum,,Haircare,Alcohol,0.18,613,4.2,188,25-03-2025,16-03-2027
P0737,Night Cream,GlowCare,Skincare,Retinol,0.28,504,4.5,60,20-09-2025,17-12-2027
P0738,Shampoo,NatureGlow,Haircare,Silicone,0.32,372,4.7,92,19-11-2025,04-02-2027
P0739,Body Lotion,SoftCare,Bodycare,Glycerin,0.48,456,3.8,98,21-10-2025,25-01-2027
P0740,Hair Serum,HairPro,Haircare,Alcohol,0.25,458,4.4,215,20-08-2025,15-03-2027
P0741,Glow Cream,DermCare,Skincare,Paraben,0.93,339,3.8,105,25-03-2025,28-12-2027
P0742,Face Wash,SkinPure,Skincare,Sulfate,0.2,155,3.9,168,28-03-2025,01-05-2027
P0743,Sunscreen,SunSafe,Skincare,Oxybenzone,0.72,213,4,130,11-01-2025,24-04-2027
P0744,Night Cream,GlowCare,Skincare,Retinol,0.29,659,4.3,76,16-09-2025,24-10-2027
P0745,Lip Balm,BeautyX,Lipcare,Petroleum Jelly,0.73,784,3.5,159,17-11-2025,09-01-2027
P0746,Lip Balm,BeautyX,Lipcare,Petroleum Jelly,0.15,305,4.7,168,02-05-2025,21-08-2027
P0747,Glow Cream,DermCare,Skincare,Paraben,0.16,776,3.9,228,12-11-2025,01-02-2027
P0748,Hair Serum,HairPro,Haircare,Alcohol,0.88,764,4.1,107,23-09-2025,11-02-2027
P0749,Face Mask,PureSkin,Skincare,Clay,0.88,644,3.6,60,15-09-2025,23-09-2027
P0750,Glow Cream,DermCare,Skincare,Paraben,0.14,642,4,135,24-07-2025,01-03-2027
P0751,Sunscreen,SunSafe,Skincare,Oxybenzone,0.72,463,4.4,,09-09-2025,21-01-2027
P0752,Hair Serum,HairPro,Haircare,Alcohol,0.89,934,5,152,08-05-2025,11-03-2027
P0753,Body Lotion,SoftCare,Bodycare,Glycerin,0.69,189,4.6,143,20-11-2025,22-11-2027
P0754,Shampoo,NatureGlow,Haircare,Silicone,0.48,686,3.7,89,11-10-2025,18-08-2027
P0755,Lip Balm,BeautyX,Lipcare,Petroleum Jelly,0.29,241,4.4,185,28-04-2025,10-03-2027
P0756,Night Cream,GlowCare,Skincare,Retinol,0.92,540,5,207,,06-10-2027
P0757,Sunscreen,SunSafe,Skincare,Oxybenzone,0.16,645,4.9,40,11-03-2025,
P0758,Glow Cream,DermCare,Skincare,Paraben,0.79,523,4.9,87,24-08-2025,24-11-2027
P0759,Hair Serum,HairPro,Haircare,Alcohol,0.24,292,3.7,57,,20-10-2027
P0760,Hair Serum,HairPro,Haircare,Alcohol,0.65,727,3.8,69,22-04-2025,12-01-2027
P0761,Face Wash,SkinPure,Skincare,Sulfate,0.72,588,3.7,226,16-10-2025,21-12-2027
P0762,Sunscreen,SunSafe,Skincare,Oxybenzone,0.27,496,4.2,45,07-03-2025,02-04-2027
P0763,Body Lotion,SoftCare,Bodycare,Glycerin,0.79,115,4.9,115,24-04-2025,07-11-2027
P0764,Shampoo,NatureGlow,Haircare,Silicone,0.16,549,4.8,135,11-12-2025,08-08-2027
P0765,Body Lotion,SoftCare,Bodycare,,0.46,142,4.4,221,24-07-2025,13-06-2027
P0766,Conditioner,HairPro,Haircare,Silicone,0.95,685,4.4,144,23-11-2025,17-01-2027
P0767,Face Wash,SkinPure,Skincare,Sulfate,0.51,946,4.8,234,17-04-2025,13-09-2027
P0768,Glow Cream,DermCare,Skincare,Paraben,0.6,628,4.6,22,,13-08-2027
P0769,Hair Serum,HairPro,Haircare,Alcohol,0.8,392,4.2,118,20-05-2025,23-01-2027
P0770,Night Cream,GlowCare,Skincare,Retinol,0.91,574,4.7,125,24-02-2025,04-09-2027
P0771,Lip Balm,BeautyX,Lipcare,Petroleum Jelly,,812,4.3,110,11-07-2025,01-08-2027
P0772,Lip Balm,BeautyX,Lipcare,Petroleum Jelly,0.51,829,4.8,235,03-08-2025,11-05-2027
P0773,Lip Balm,BeautyX,Lipcare,Petroleum Jelly,0.75,226,3.6,190,21-08-2025,03-06-2027
P0774,Night Cream,GlowCare,Skincare,Retinol,0.74,844,4.7,140,06-10-2025,18-07-2027
P0775,,SoftCare,Bodycare,Glycerin,0.14,274,4.9,154,28-11-2025,06-03-2027
P0776,Lip Balm,,Lipcare,Petroleum Jelly,0.26,829,3.6,88,24-05-2025,10-08-2027
P0777,Lip Balm,BeautyX,Lipcare,,0.21,234,4.9,10,25-10-2025,01-05-2027
P0778,Face Mask,PureSkin,Skincare,Clay,0.55,610,4.3,11,16-10-2025,07-04-2027
P0779,Conditioner,HairPro,Haircare,Silicone,,564,4.1,30,20-10-2025,08-01-2027
P0780,Night Cream,GlowCare,Skincare,Retinol,0.35,743,4.3,221,02-04-2025,05-03-2027
P0781,Glow Cream,DermCare,Skincare,Paraben,0.69,137,3.7,18,19-11-2025,10-10-2027
P0782,Sunscreen,SunSafe,Skincare,Oxybenzone,0.93,150,3.7,55,22-03-2025,20-05-2027
P0783,,HairPro,Haircare,Silicone,0.62,675,3.8,126,19-12-2025,02-06-2027
P0784,Face Wash,SkinPure,Skincare,Sulfate,0.79,430,4.1,107,25-02-2025,27-07-2027
P0785,Night Cream,GlowCare,Skincare,Retinol,0.16,582,3.7,187,11-05-2025,14-09-2027
P0786,,GlowCare,Skincare,Retinol,0.29,314,4.4,37,24-10-2025,17-11-2027
P0787,Face Wash,,Skincare,Sulfate,0.54,805,4.4,211,10-12-2025,20-07-2027
P0788,Sunscreen,,Skincare,Oxybenzone,0.33,688,5,100,20-03-2025,16-10-2027
P0789,Night Cream,GlowCare,Skincare,Retinol,0.76,609,4.2,56,08-10-2025,10-12-2027
P0790,Shampoo,NatureGlow,Haircare,Silicone,0.1,124,4.2,213,24-02-2025,26-04-2027
P0791,Conditioner,,Haircare,Silicone,1,523,3.6,99,26-09-2025,07-11-2027
P0792,Glow Cream,DermCare,Skincare,Paraben,0.68,806,3.9,212,10-02-2025,17-05-2027
P0793,Night Cream,GlowCare,Skincare,Retinol,0.39,106,3.7,95,13-06-2025,19-12-2027
P0794,Conditioner,HairPro,Haircare,Silicone,0.96,952,3.8,94,22-06-2025,16-08-2027
P0795,Glow Cream,DermCare,Skincare,Paraben,0.68,593,3.7,127,11-09-2025,26-08-2027
P0796,Body Lotion,SoftCare,Bodycare,Glycerin,0.94,157,4.8,,24-10-2025,11-11-2027
P0797,Night Cream,GlowCare,Skincare,Retinol,0.58,313,,94,03-06-2025,09-03-2027
P0798,Glow Cream,DermCare,Skincare,Paraben,0.41,484,,225,19-03-2025,13-10-2027
P0799,Lip Balm,BeautyX,,Petroleum Jelly,0.64,985,4.7,88,28-12-2025,23-06-2027
P0800,Glow Cream,DermCare,Skincare,Paraben,0.34,188,4.2,70,15-06-2025,07-05-2027
P0801,Night Cream,GlowCare,Skincare,Retinol,0.37,214,4.1,19,03-04-2025,17-08-2027
P0802,Glow Cream,DermCare,Skincare,Paraben,0.82,612,3.7,97,24-08-2025,10-09-2027
P0803,Sunscreen,SunSafe,Skincare,Oxybenzone,0.23,992,,250,22-09-2025,07-03-2027
P0804,Glow Cream,DermCare,Skincare,Paraben,0.51,830,,39,10-01-2025,22-01-2027
P0805,Conditioner,HairPro,Haircare,Silicone,0.88,441,4.2,21,17-02-2025,24-11-2027
P0806,Hair Serum,HairPro,Haircare,Alcohol,,876,4,238,11-04-2025,07-04-2027
P0807,Hair Serum,HairPro,Haircare,Alcohol,0.35,426,4.7,181,09-02-2025,06-03-2027
P0808,,HairPro,Haircare,Alcohol,0.2,,4.3,36,18-04-2025,18-06-2027
P0809,Sunscreen,SunSafe,Skincare,,0.34,821,4.7,156,06-04-2025,10-02-2027
P0810,Conditioner,HairPro,Haircare,Silicone,0.9,653,4.2,43,16-01-2025,
P0811,Face Wash,SkinPure,Skincare,Sulfate,,188,4.1,55,20-12-2025,21-10-2027
P0812,Face Mask,PureSkin,Skincare,Clay,0.65,419,4,60,25-12-2025,26-11-2027
P0813,Night Cream,GlowCare,Skincare,Retinol,0.17,873,4.6,155,03-03-2025,15-12-2027
P0814,,SkinPure,Skincare,,0.51,800,4.5,206,16-08-2025,08-04-2027
P0815,Lip Balm,BeautyX,Lipcare,Petroleum Jelly,0.87,731,3.9,103,06-07-2025,22-12-2027
P0816,Sunscreen,SunSafe,Skincare,Oxybenzone,,432,4.2,17,16-02-2025,12-02-2027
P0817,Face Mask,PureSkin,Skincare,Clay,0.52,274,3.9,99,19-10-2025,17-03-2027
P0818,Face Wash,SkinPure,Skincare,Sulfate,0.47,831,4.7,93,21-09-2025,26-02-2027
P0819,Hair Serum,HairPro,Haircare,Alcohol,0.58,510,4.4,71,08-10-2025,06-09-2027
P0820,Face Mask,PureSkin,Skincare,Clay,0.45,448,3.8,187,14-10-2025,19-07-2027
P0821,Sunscreen,SunSafe,Skincare,Oxybenzone,0.59,341,3.8,181,24-02-2025,19-12-2027
P0822,Face Mask,PureSkin,Skincare,Clay,0.2,710,4.2,152,27-02-2025,06-08-2027
P0823,Hair Serum,HairPro,Haircare,Alcohol,0.96,171,4.4,185,25-10-2025,11-07-2027
P0824,Face Mask,PureSkin,Skincare,Clay,0.68,162,3.6,219,19-03-2025,26-11-2027
P0825,Glow Cream,DermCare,Skincare,Paraben,0.78,776,3.7,146,13-05-2025,19-10-2027
P0826,Face Mask,PureSkin,Skincare,Clay,0.28,797,4.8,86,26-10-2025,10-11-2027
P0827,Body Lotion,SoftCare,Bodycare,Glycerin,0.75,452,5,159,20-01-2025,13-09-2027
P0828,Lip Balm,BeautyX,Lipcare,Petroleum Jelly,0.87,163,4.1,150,01-01-2025,18-12-2027
P0829,Sunscreen,SunSafe,Skincare,Oxybenzone,0.2,388,4.8,70,23-07-2025,13-10-2027
P0830,Sunscreen,SunSafe,Skincare,Oxybenzone,0.74,515,4.1,149,22-04-2025,16-03-2027
P0831,Lip Balm,BeautyX,Lipcare,Petroleum Jelly,0.27,493,4.8,102,05-07-2025,28-05-2027
P0832,Lip Balm,BeautyX,Lipcare,Petroleum Jelly,0.22,173,4.5,46,16-12-2025,14-11-2027
P0833,Lip Balm,BeautyX,Lipcare,Petroleum Jelly,0.18,757,4.7,230,26-08-2025,20-12-2027
P0834,Body Lotion,SoftCare,Bodycare,,0.66,565,4.3,151,13-08-2025,08-06-2027
P0835,Lip Balm,BeautyX,Lipcare,Petroleum Jelly,0.48,107,4.4,226,08-12-2025,17-12-2027
P0836,Hair Serum,HairPro,Haircare,Alcohol,0.47,659,4.4,18,19-01-2025,23-08-2027
P0837,Sunscreen,,Skincare,Oxybenzone,0.2,593,4.9,30,24-03-2025,17-12-2027
P0838,Hair Serum,HairPro,Haircare,Alcohol,0.52,180,4.3,166,08-02-2025,21-08-2027
P0839,Face Wash,SkinPure,Skincare,Sulfate,0.72,652,4.7,89,02-10-2025,18-06-2027
P0840,Glow Cream,DermCare,Skincare,,0.52,624,4.9,156,,12-07-2027
P0841,Hair Serum,HairPro,Haircare,Alcohol,0.36,136,4.5,162,10-12-2025,26-12-2027
P0842,Conditioner,HairPro,Haircare,Silicone,0.33,744,4.2,53,02-10-2025,
P0843,Conditioner,HairPro,Haircare,Silicone,0.12,596,3.6,139,28-02-2025,09-05-2027
P0844,Lip Balm,BeautyX,Lipcare,Petroleum Jelly,0.65,381,4.8,13,04-12-2025,06-10-2027
P0845,Conditioner,HairPro,Haircare,Silicone,0.77,774,4.2,216,09-03-2025,08-12-2027
P0846,Face Mask,PureSkin,Skincare,Clay,0.26,640,4.8,,05-02-2025,27-10-2027
P0847,Lip Balm,BeautyX,Lipcare,Petroleum Jelly,0.85,870,5,207,08-07-2025,15-11-2027
P0848,Lip Balm,,Lipcare,Petroleum Jelly,0.29,851,4.8,23,09-11-2025,02-02-2027
P0849,Lip Balm,BeautyX,Lipcare,Petroleum Jelly,0.52,587,4,201,08-09-2025,22-07-2027
P0850,Body Lotion,SoftCare,Bodycare,Glycerin,0.53,248,4.3,121,10-01-2025,13-08-2027
P0851,Sunscreen,SunSafe,Skincare,Oxybenzone,0.97,799,4.9,34,21-09-2025,28-06-2027
P0852,Body Lotion,SoftCare,Bodycare,Glycerin,0.65,767,,95,09-05-2025,09-02-2027
P0853,Conditioner,HairPro,Haircare,Silicone,0.45,891,4.5,71,22-12-2025,25-10-2027
P0854,Shampoo,NatureGlow,Haircare,Silicone,0.57,793,4.5,56,18-06-2025,22-01-2027
P0855,Glow Cream,DermCare,Skincare,Paraben,0.85,112,4.1,144,22-02-2025,12-08-2027
P0856,Shampoo,NatureGlow,Haircare,Silicone,0.75,357,3.8,16,03-10-2025,20-01-2027
P0857,Shampoo,NatureGlow,Haircare,Silicone,0.96,753,3.7,40,28-02-2025,05-10-2027
P0858,Body Lotion,SoftCare,Bodycare,Glycerin,0.69,763,4.3,57,23-02-2025,09-03-2027
P0859,Hair Serum,HairPro,Haircare,Alcohol,0.52,177,,246,25-05-2025,23-07-2027
P0860,Sunscreen,SunSafe,Skincare,Oxybenzone,0.33,899,3.6,208,13-01-2025,11-07-2027
P0861,Glow Cream,DermCare,Skincare,Paraben,0.33,,3.9,122,16-02-2025,20-04-2027
P0862,Body Lotion,SoftCare,Bodycare,Glycerin,,603,3.7,148,,21-10-2027
P0863,Face Wash,SkinPure,Skincare,Sulfate,0.92,832,3.9,18,03-02-2025,24-10-2027
P0864,Hair Serum,HairPro,Haircare,Alcohol,0.8,119,4.8,48,21-11-2025,02-01-2027
P0865,Body Lotion,SoftCare,Bodycare,Glycerin,0.34,816,4,110,01-10-2025,23-09-2027
P0866,Face Mask,PureSkin,Skincare,Clay,0.53,513,4.8,209,18-02-2025,01-04-2027
P0867,Body Lotion,SoftCare,Bodycare,Glycerin,0.96,937,4.7,41,18-10-2025,11-06-2027
P0868,Hair Serum,HairPro,Haircare,Alcohol,0.46,747,5,175,12-02-2025,28-09-2027
P0869,Sunscreen,SunSafe,Skincare,Oxybenzone,0.17,570,4.6,84,07-11-2025,18-03-2027
P0870,Glow Cream,DermCare,Skincare,Paraben,0.97,776,3.8,188,04-07-2025,23-11-2027
P0871,Sunscreen,SunSafe,Skincare,Oxybenzone,0.54,747,4.2,58,02-03-2025,01-04-2027
P0872,Conditioner,HairPro,Haircare,Silicone,0.31,498,3.6,148,10-11-2025,18-08-2027
P0873,Face Mask,PureSkin,Skincare,Clay,0.97,116,3.6,24,26-06-2025,02-12-2027
P0874,Body Lotion,SoftCare,Bodycare,Glycerin,0.21,926,4.5,143,22-08-2025,05-09-2027
P0875,Conditioner,HairPro,Haircare,Silicone,0.31,173,3.6,46,21-08-2025,16-01-2027
P0876,Conditioner,HairPro,Haircare,Silicone,0.14,818,4.5,13,21-03-2025,10-01-2027
P0877,Face Wash,SkinPure,Skincare,Sulfate,0.51,274,4.8,26,04-02-2025,20-08-2027
P0878,Conditioner,HairPro,Haircare,Silicone,0.3,,3.8,96,,11-07-2027
P0879,Face Wash,SkinPure,Skincare,Sulfate,,689,4.3,92,25-04-2025,19-01-2027
P0880,Lip Balm,BeautyX,Lipcare,Petroleum Jelly,0.4,223,3.9,203,06-07-2025,12-12-2027
P0881,Night Cream,GlowCare,Skincare,Retinol,0.25,349,4.9,20,04-03-2025,20-11-2027
P0882,Body Lotion,SoftCare,Bodycare,Glycerin,0.8,116,4.8,,01-01-2025,03-03-2027
P0883,,HairPro,Haircare,Silicone,0.9,526,4.5,212,23-08-2025,07-03-2027
P0884,Lip Balm,BeautyX,Lipcare,Petroleum Jelly,0.68,635,4.2,71,20-03-2025,02-12-2027
P0885,Conditioner,HairPro,Haircare,Silicone,0.26,611,4.4,32,27-11-2025,12-05-2027
P0886,,SoftCare,Bodycare,Glycerin,0.1,341,3.8,145,20-02-2025,28-06-2027
P0887,Night Cream,GlowCare,Skincare,Retinol,0.56,575,4.7,178,09-04-2025,07-01-2027
P0888,Face Wash,SkinPure,Skincare,Sulfate,0.82,801,4.8,243,16-08-2025,06-03-2027
P0889,Glow Cream,DermCare,Skincare,Paraben,0.15,472,3.9,121,11-05-2025,26-10-2027
P0890,Face Mask,PureSkin,Skincare,Clay,0.14,858,3.6,147,06-03-2025,16-01-2027
P0891,Night Cream,GlowCare,Skincare,,0.2,340,4.6,161,11-10-2025,07-07-2027
P0892,Sunscreen,SunSafe,Skincare,Oxybenzone,0.31,212,4,35,24-04-2025,28-07-2027
P0893,Shampoo,NatureGlow,Haircare,Silicone,0.44,325,3.6,159,02-08-2025,05-07-2027
P0894,Shampoo,NatureGlow,Haircare,Silicone,0.94,565,3.8,105,15-03-2025,07-12-2027
P0895,Sunscreen,SunSafe,Skincare,Oxybenzone,0.98,307,4,18,19-12-2025,09-01-2027
P0896,Lip Balm,BeautyX,Lipcare,Petroleum Jelly,0.2,576,4.2,53,08-06-2025,20-05-2027
P0897,Lip Balm,BeautyX,Lipcare,Petroleum Jelly,0.81,753,,241,19-03-2025,28-09-2027
P0898,Shampoo,NatureGlow,Haircare,Silicone,0.18,,4.3,230,19-04-2025,27-08-2027
P0899,Face Mask,PureSkin,Skincare,Clay,0.35,847,4.1,233,08-04-2025,14-06-2027
P0900,Conditioner,HairPro,,Silicone,0.3,,4.9,243,01-10-2025,02-07-2027
P0901,Glow Cream,DermCare,Skincare,Paraben,0.99,851,4.7,18,17-07-2025,16-07-2027
P0902,Face Wash,SkinPure,Skincare,Sulfate,0.51,346,3.6,202,23-01-2025,14-12-2027
P0903,Shampoo,NatureGlow,Haircare,Silicone,0.22,402,3.9,33,16-01-2025,10-11-2027
P0904,Lip Balm,BeautyX,Lipcare,,0.73,978,4.4,159,15-01-2025,25-08-2027
P0905,Lip Balm,BeautyX,Lipcare,Petroleum Jelly,0.89,,3.8,233,21-06-2025,23-08-2027
P0906,,DermCare,Skincare,Paraben,0.87,172,4.1,186,17-06-2025,10-01-2027
P0907,Body Lotion,SoftCare,Bodycare,Glycerin,0.78,814,4.9,148,26-10-2025,26-04-2027
P0908,Face Wash,SkinPure,Skincare,Sulfate,0.66,443,4.6,24,22-09-2025,02-06-2027
P0909,Face Wash,SkinPure,Skincare,Sulfate,0.44,576,4.4,103,06-06-2025,18-11-2027
P0910,Face Wash,SkinPure,Skincare,Sulfate,0.6,892,3.8,95,18-04-2025,21-02-2027
P0911,Face Mask,PureSkin,Skincare,Clay,0.76,,4.4,189,25-04-2025,25-12-2027
P0912,Shampoo,NatureGlow,Haircare,Silicone,0.39,373,4.3,118,02-05-2025,12-02-2027
P0913,Sunscreen,SunSafe,Skincare,Oxybenzone,0.51,613,4.3,41,23-08-2025,22-09-2027
P0914,Night Cream,GlowCare,Skincare,Retinol,0.91,,4.4,214,,07-02-2027
P0915,Face Mask,,Skincare,Clay,0.18,500,4.8,83,04-02-2025,09-03-2027
P0916,Face Wash,SkinPure,Skincare,Sulfate,0.73,608,3.7,62,21-09-2025,10-01-2027
P0917,Body Lotion,SoftCare,Bodycare,Glycerin,0.97,654,4.9,131,14-06-2025,24-08-2027
P0918,Glow Cream,DermCare,Skincare,Paraben,,164,3.5,215,27-04-2025,21-09-2027
P0919,Sunscreen,SunSafe,Skincare,Oxybenzone,0.47,451,4.5,211,16-06-2025,22-10-2027
P0920,Night Cream,GlowCare,Skincare,Retinol,0.86,555,4.2,155,26-03-2025,06-05-2027
P0921,Hair Serum,HairPro,Haircare,Alcohol,0.3,480,5,207,05-01-2025,10-06-2027
P0922,Face Mask,PureSkin,Skincare,Clay,0.96,733,4.9,192,10-09-2025,06-03-2027
P0923,Lip Balm,BeautyX,Lipcare,Petroleum Jelly,0.25,219,3.6,91,05-10-2025,09-08-2027
P0924,Sunscreen,SunSafe,Skincare,Oxybenzone,0.27,675,4.6,180,12-06-2025,
P0925,Face Mask,PureSkin,Skincare,Clay,,266,4.3,41,13-01-2025,25-08-2027
P0926,Lip Balm,BeautyX,Lipcare,Petroleum Jelly,0.95,427,3.7,199,17-09-2025,21-06-2027
P0927,Hair Serum,HairPro,Haircare,Alcohol,0.53,396,5,203,22-10-2025,26-03-2027
P0928,Conditioner,HairPro,,Silicone,0.76,552,4,38,16-12-2025,05-01-2027
P0929,Night Cream,GlowCare,Skincare,Retinol,0.21,125,4.1,225,15-04-2025,03-06-2027
P0930,Sunscreen,SunSafe,Skincare,Oxybenzone,0.15,756,3.8,144,26-04-2025,07-05-2027
P0931,Glow Cream,DermCare,Skincare,Paraben,0.18,969,4.2,181,17-02-2025,07-07-2027
P0932,Face Mask,PureSkin,Skincare,Clay,0.39,719,4.3,24,12-11-2025,05-07-2027
P0933,Body Lotion,SoftCare,Bodycare,Glycerin,0.43,481,3.5,98,10-06-2025,28-08-2027
P0934,Night Cream,GlowCare,Skincare,Retinol,0.18,845,4.8,199,26-07-2025,10-08-2027
P0935,Lip Balm,BeautyX,Lipcare,Petroleum Jelly,0.83,534,4.6,116,27-03-2025,20-10-2027
P0936,Face Wash,SkinPure,Skincare,Sulfate,0.23,,4.2,232,11-09-2025,19-02-2027
P0937,Body Lotion,SoftCare,Bodycare,Glycerin,0.18,519,4.5,79,06-07-2025,15-09-2027
P0938,Conditioner,HairPro,Haircare,Silicone,0.78,240,3.8,223,10-07-2025,16-09-2027
P0939,Glow Cream,DermCare,,Paraben,0.84,409,4.8,87,18-08-2025,15-12-2027
P0940,Shampoo,NatureGlow,Haircare,Silicone,0.12,102,3.7,86,27-11-2025,16-11-2027
P0941,Face Wash,SkinPure,Skincare,Sulfate,0.69,394,4.1,135,21-12-2025,01-04-2027
P0942,Face Wash,SkinPure,Skincare,Sulfate,0.79,604,5,27,24-10-2025,19-06-2027
P0943,Face Mask,PureSkin,Skincare,Clay,0.61,989,3.9,185,23-08-2025,12-02-2027
P0944,Night Cream,GlowCare,Skincare,Retinol,0.76,117,4.8,51,02-10-2025,11-03-2027
P0945,Face Mask,PureSkin,Skincare,Clay,0.89,238,4,23,12-05-2025,21-07-2027
P0946,Sunscreen,SunSafe,Skincare,Oxybenzone,0.14,398,4.3,249,17-02-2025,25-04-2027
P0947,Lip Balm,,Lipcare,Petroleum Jelly,0.79,713,4.6,149,28-06-2025,27-06-2027
P0948,Hair Serum,HairPro,Haircare,Alcohol,0.34,814,4.5,34,19-09-2025,27-06-2027
P0949,Lip Balm,BeautyX,Lipcare,Petroleum Jelly,0.11,630,3.9,209,14-08-2025,06-06-2027
P0950,,SkinPure,Skincare,Sulfate,0.3,615,3.8,58,20-09-2025,27-12-2027
P0242,Hair Serum,HairPro,Haircare,Alcohol,0.8,820,4.2,166,23-05-2025,07-08-2027
P0844,Lip Balm,BeautyX,Lipcare,Petroleum Jelly,0.65,381,4.8,13,04-12-2025,06-10-2027
P0415,Face Wash,SkinPure,Skincare,Sulfate,0.12,169,3.5,65,02-01-2025,17-07-2027
P0734,Body Lotion,SoftCare,Bodycare,Glycerin,0.97,870,4.4,139,08-02-2025,10-07-2027
P0544,Sunscreen,SunSafe,Skincare,Oxybenzone,0.11,989,4.5,206,19-12-2025,19-12-2027
P0310,Glow Cream,DermCare,Skincare,Paraben,0.98,574,4.5,149,18-07-2025,27-07-2027
P0867,Body Lotion,SoftCare,Bodycare,Glycerin,0.96,937,4.7,41,18-10-2025,11-06-2027
P0851,Sunscreen,SunSafe,Skincare,Oxybenzone,0.97,799,4.9,34,21-09-2025,28-06-2027
P0036,,BeautyX,Lipcare,Petroleum Jelly,0.27,322,5,158,18-12-2025,24-01-2027
P0079,Body Lotion,SoftCare,Bodycare,Glycerin,0.75,960,4.2,42,18-10-2025,13-01-2027
P0601,Lip Balm,BeautyX,Lipcare,Petroleum Jelly,0.7,340,3.7,168,07-02-2025,16-06-2027
P0346,Sunscreen,SunSafe,Skincare,Oxybenzone,0.15,547,3.8,29,20-06-2025,20-10-2027
P0192,Sunscreen,SunSafe,Skincare,Oxybenzone,0.42,938,4.5,47,,09-03-2027
P0105,Lip Balm,BeautyX,Lipcare,Petroleum Jelly,0.23,676,4.9,31,,25-09-2027
P0705,Sunscreen,SunSafe,Skincare,Oxybenzone,0.82,549,4.6,15,13-12-2025,24-06-2027
P0684,Hair Serum,HairPro,Haircare,Alcohol,0.92,593,4.3,216,15-02-2025,12-05-2027
P0102,Glow Cream,DermCare,Skincare,Paraben,0.98,666,3.9,42,28-11-2025,04-08-2027
P0783,Conditioner,HairPro,Haircare,Silicone,0.62,675,3.8,126,19-12-2025,02-06-2027
P0836,Hair Serum,HairPro,Haircare,Alcohol,0.47,659,4.4,18,19-01-2025,23-08-2027
P0095,Hair Serum,HairPro,Haircare,Alcohol,0.6,629,4.9,31,24-04-2025,16-07-2027
P0229,Lip Balm,BeautyX,Lipcare,Petroleum Jelly,0.16,894,4.9,19,07-05-2025,26-01-2027
P0387,Face Mask,PureSkin,Skincare,Clay,0.59,535,3.7,222,25-11-2025,10-04-2027
P0545,Shampoo,NatureGlow,Haircare,Silicone,0.98,785,4.8,142,23-09-2025,20-12-2027
P0091,Night Cream,GlowCare,Skincare,Retinol,0.97,376,4.4,245,25-09-2025,15-08-2027
P0456,,SunSafe,Skincare,Oxybenzone,0.92,128,4.6,100,19-10-2025,19-03-2027
P0676,Face Mask,PureSkin,Skincare,Clay,0.8,471,4.6,143,14-08-2025,06-03-2027
P0249,Lip Balm,BeautyX,Lipcare,Petroleum Jelly,0.89,898,4.3,160,25-03-2025,14-03-2027
P0859,Hair Serum,HairPro,Haircare,,0.52,177,4.5,246,25-05-2025,23-07-2027
P0035,Face Mask,PureSkin,Skincare,Clay,0.36,813,4.9,210,22-09-2025,16-12-2027
P0655,Sunscreen,SunSafe,Skincare,Oxybenzone,0.42,,3.9,201,07-11-2025,24-08-2027
P0365,Face Wash,SkinPure,Skincare,Sulfate,0.79,773,4.5,52,20-11-2025,19-01-2027
P0239,Sunscreen,SunSafe,Skincare,Oxybenzone,0.43,680,3.5,49,15-11-2025,12-06-2027
P0042,Face Wash,SkinPure,Skincare,Sulfate,0.58,618,3.9,,03-06-2025,12-04-2027
P0746,Lip Balm,BeautyX,Lipcare,Petroleum Jelly,0.15,305,4.7,168,02-05-2025,21-08-2027
P0018,Face Wash,SkinPure,Skincare,Sulfate,0.36,261,4.2,194,09-12-2025,25-09-2027
P0591,Body Lotion,SoftCare,Bodycare,Glycerin,0.49,117,4.1,40,01-09-2025,24-11-2027
P0305,,HairPro,Haircare,Alcohol,0.83,863,,28,14-01-2025,23-06-2027
P0724,Face Mask,PureSkin,Skincare,Clay,0.96,100,4.6,82,01-10-2025,05-09-2027
P0234,Body Lotion,SoftCare,Bodycare,Glycerin,0.17,,5,56,10-09-2025,04-06-2027
P0675,Shampoo,NatureGlow,Haircare,Silicone,,768,3.9,78,21-10-2025,09-07-2027
P0927,Hair Serum,HairPro,Haircare,Alcohol,0.53,396,5,203,22-10-2025,26-03-2027
P0369,Face Wash,SkinPure,Skincare,Sulfate,0.37,187,3.7,250,05-12-2025,10-06-2027
P0208,Shampoo,NatureGlow,Haircare,Silicone,1,258,3.6,226,17-02-2025,27-09-2027
P0577,Glow Cream,DermCare,Skincare,Paraben,0.49,669,3.9,51,28-10-2025,01-05-2027
P0190,Body Lotion,SoftCare,Bodycare,Glycerin,0.63,636,3.6,232,24-05-2025,08-06-2027
P0679,Body Lotion,SoftCare,Bodycare,Glycerin,0.57,185,3.7,168,03-03-2025,13-11-2027
P0726,Hair Serum,HairPro,Haircare,Alcohol,0.93,623,4.3,247,05-10-2025,02-02-2027
P0703,Conditioner,HairPro,Haircare,Silicone,0.4,877,4.4,25,21-06-2025,23-03-2027
P0308,Face Mask,PureSkin,Skincare,Clay,0.88,486,4.1,184,28-11-2025,05-09-2027
P0269,Face Mask,PureSkin,Skincare,Clay,0.57,252,4.4,141,11-03-2025,11-10-2027
