Product_ID,Product_Name,Brand,Category,Price,Rating
P0001,Face Wash,SkinPure,Skincare,381,3.9
P0002,Night Cream,GlowCare,Skincare,532,3.5
P0003,Glow Cream,DermCare,Skincare,833,4.5
P0004,Hair Serum,HairPro,Haircare,106,4.6
P0005,Lip Balm,BeautyX,Lipcare,881,
P0006,Sunscreen,SunSafe,Skincare,926,3.6
P0007,Night Cream,GlowCare,Skincare,743,4.4
P0008,Face Wash,SkinPure,Skincare,333,4.7
P0009,Hair Serum,HairPro,Haircare,954,4
P0010,Face Wash,SkinPure,Skincare,275,4.3
P0011,Night Cream,GlowCare,Skincare,432,4.8
P0012,Sunscreen,SunSafe,Skincare,167,3.8
P0013,Face Mask,PureSkin,Skincare,758,4.2
P0014,Night Cream,GlowCare,Skincare,698,4.1
P0015,Night Cream,GlowCare,Skincare,873,3.6
P0016,Body Lotion,,Bodycare,494,4.1
P0017,Glow Cream,DermCare,Skincare,217,
P0018,Face Wash,SkinPure,Skincare,261,
P0019,Lip Balm,BeautyX,Lipcare,208,4.8
P0020,Lip Balm,BeautyX,Lipcare,265,4.3
P0021,Face Mask,PureSkin,Skincare,471,4.8
P0022,Conditioner,HairPro,Haircare,187,4.6
P0023,Lip Balm,BeautyX,Lipcare,586,4.9
P0024,Shampoo,NatureGlow,Haircare,873,4.6
P0025,Sunscreen,SunSafe,Skincare,629,4.2
P0026,Conditioner,HairPro,Haircare,702,3.8
P0027,Face Wash,SkinPure,Skincare,980,4
P0028,Shampoo,NatureGlow,Haircare,840,4.9
P0029,Face Mask,PureSkin,Skincare,294,3.6
P0030,Face Mask,PureSkin,Skincare,155,4.5
P0031,Sunscreen,SunSafe,Skincare,211,3.9
P0032,Lip Balm,BeautyX,Lipcare,355,4.8
P0033,Glow Cream,DermCare,Skincare,,4.8
P0034,Face Mask,PureSkin,Skincare,510,4.9
P0035,Face Mask,PureSkin,Skincare,813,4.9
P0036,Lip Balm,BeautyX,Lipcare,322,5
P0037,Sunscreen,SunSafe,Skincare,698,4.2
P0038,Face Wash,SkinPure,Skincare,170,4.4
P0039,Shampoo,NatureGlow,Haircare,140,4.4
P0040,,SunSafe,Skincare,309,4.5
P0041,Hair Serum,HairPro,Haircare,869,4.9
P0042,Face Wash,SkinPure,Skincare,618,3.9
P0043,Hair Serum,HairPro,Haircare,953,4.3
P0044,Glow Cream,DermCare,Skincare,667,3.9
P0045,Face Wash,SkinPure,Skincare,259,3.9
P0046,Hair Serum,HairPro,Haircare,357,4.9
P0047,Hair Serum,HairPro,Haircare,441,4.7
P0048,Night Cream,GlowCare,Skincare,674,3.5
P0049,Sunscreen,SunSafe,Skincare,251,4.1
P0050,Shampoo,NatureGlow,Haircare,,3.7
P0051,,BeautyX,Lipcare,342,4.8
P0052,Sunscreen,SunSafe,Skincare,521,4.7
P0053,Lip Balm,BeautyX,Lipcare,210,4.1
P0054,Face Mask,PureSkin,Skincare,940,4.7
P0055,Body Lotion,SoftCare,Bodycare,985,3.6
P0056,Body Lotion,SoftCare,Bodycare,963,4.3
P0057,Conditioner,HairPro,Haircare,371,3.6
P0058,Sunscreen,SunSafe,Skincare,623,3.7
P0059,Body Lotion,SoftCare,Bodycare,925,
P0060,Sunscreen,SunSafe,Skincare,780,4.9
P0061,Hair Serum,HairPro,Haircare,782,4.1
P0062,Shampoo,NatureGlow,,488,4.5
P0063,Body Lotion,SoftCare,Bodycare,100,
P0064,Sunscreen,SunSafe,,552,4.5
P0065,Face Wash,SkinPure,Skincare,779,4.4
P0066,Hair Serum,HairPro,Haircare,303,3.7
P0067,Face Wash,SkinPure,Skincare,744,4.4
P0068,Shampoo,NatureGlow,Haircare,804,3.5
P0069,Lip Balm,BeautyX,Lipcare,812,4.3
P0070,Lip Balm,BeautyX,Lipcare,783,4.3
P0071,Night Cream,GlowCare,Skincare,661,
P0072,Hair Serum,HairPro,Haircare,960,4.5
P0073,Hair Serum,HairPro,Haircare,830,3.9
P0074,Lip Balm,BeautyX,Lipcare,492,4.5
P0075,Sunscreen,SunSafe,Skincare,525,3.6
P0076,Glow Cream,DermCare,Skincare,883,4.4
P0077,Body Lotion,SoftCare,Bodycare,955,4.1
P0078,Face Mask,PureSkin,Skincare,546,4.2
P0079,Body Lotion,SoftCare,Bodycare,960,4.2
P0080,Conditioner,HairPro,Haircare,127,3.6
P0081,Glow Cream,DermCare,Skincare,435,3.8
P0082,Body Lotion,SoftCare,Bodycare,183,4.2
P0083,Face Wash,SkinPure,Skincare,767,3.6
P0084,Lip Balm,BeautyX,Lipcare,584,4.5
P0085,Sunscreen,SunSafe,Skincare,721,4.9
P0086,Face Wash,SkinPure,Skincare,419,4.4
P0087,Face Wash,SkinPure,Skincare,950,4.4
P0088,Conditioner,HairPro,Haircare,915,5
P0089,Sunscreen,SunSafe,Skincare,763,4
P0090,Body Lotion,SoftCare,Bodycare,750,4.8
P0091,Night Cream,GlowCare,Skincare,376,4.4
P0092,Body Lotion,SoftCare,Bodycare,706,3.9
P0093,Face Mask,PureSkin,Skincare,575,4.4
P0094,Sunscreen,SunSafe,Skincare,317,4
P0095,Hair Serum,HairPro,Haircare,629,4.9
P0096,Night Cream,GlowCare,Skincare,807,4.2
P0097,Hair Serum,HairPro,Haircare,808,3.9
P0098,Night Cream,GlowCare,Skincare,863,4.3
P0099,Hair Serum,HairPro,Haircare,838,3.8
P0100,,NatureGlow,,595,3.9
P0101,Shampoo,NatureGlow,Haircare,469,3.8
P0102,Glow Cream,DermCare,Skincare,666,3.9
P0103,Glow Cream,DermCare,Skincare,580,4.2
P0104,Face Mask,PureSkin,Skincare,166,4.1
P0105,Lip Balm,BeautyX,Lipcare,676,4.9
P0106,Body Lotion,SoftCare,Bodycare,909,4.4
P0107,Hair Serum,HairPro,Haircare,539,4
P0108,Shampoo,NatureGlow,Haircare,370,4.5
P0109,Lip Balm,BeautyX,Lipcare,561,4.5
P0110,Hair Serum,HairPro,Haircare,,3.6
P0111,Shampoo,NatureGlow,Haircare,657,3.8
P0112,Glow Cream,DermCare,Skincare,414,4.4
P0113,Face Mask,PureSkin,Skincare,816,4.1
P0114,Face Wash,SkinPure,Skincare,542,4.6
P0115,Conditioner,HairPro,Haircare,121,5
P0116,Lip Balm,BeautyX,Lipcare,767,4.2
P0117,Face Mask,PureSkin,Skincare,581,4
P0118,Lip Balm,BeautyX,Lipcare,810,4.2
P0119,Face Mask,PureSkin,Skincare,358,4
P0120,Glow Cream,DermCare,Skincare,655,4.2
P0121,Face Mask,PureSkin,Skincare,878,3.6
P0122,Face Mask,PureSkin,Skincare,745,4.4
P0123,Glow Cream,DermCare,Skincare,195,3.8
P0124,,BeautyX,Lipcare,833,3.9
P0125,Shampoo,NatureGlow,Haircare,248,4.1
P0126,,SkinPure,Skincare,908,4.8
P0127,Hair Serum,HairPro,Haircare,693,5
P0128,Sunscreen,SunSafe,Skincare,881,4.3
P0129,Shampoo,,Haircare,339,4.8
P0130,Body Lotion,SoftCare,Bodycare,779,4.7
P0131,Night Cream,GlowCare,Skincare,439,4.8
P0132,Glow Cream,DermCare,,519,4.8
P0133,Conditioner,HairPro,Haircare,765,3.6
P0134,Sunscreen,SunSafe,Skincare,877,4.2
P0135,Hair Serum,HairPro,Haircare,864,3.6
P0136,Lip Balm,BeautyX,Lipcare,129,3.6
P0137,Body Lotion,SoftCare,Bodycare,643,4.1
P0138,Conditioner,HairPro,Haircare,734,4.5
P0139,Hair Serum,HairPro,Haircare,782,3.5
P0140,Lip Balm,BeautyX,Lipcare,453,5
P0141,Face Mask,PureSkin,Skincare,303,5
P0142,Conditioner,HairPro,Haircare,402,5
P0143,Hair Serum,HairPro,Haircare,985,4.5
P0144,Hair Serum,HairPro,Haircare,335,4.4
P0145,Hair Serum,HairPro,Haircare,838,4.7
P0146,Glow Cream,DermCare,Skincare,551,3.6
P0147,Sunscreen,SunSafe,Skincare,279,3.8
P0148,Hair Serum,HairPro,Haircare,363,4.9
P0149,Face Wash,SkinPure,Skincare,177,3.7
P0150,Night Cream,GlowCare,Skincare,909,4.1
P0151,Hair Serum,HairPro,Haircare,942,4.5
P0152,Glow Cream,DermCare,Skincare,674,4
P0153,Face Mask,PureSkin,Skincare,409,4.5
P0154,Face Mask,PureSkin,Skincare,340,4.8
P0155,Night Cream,GlowCare,Skincare,860,
P0156,Face Mask,PureSkin,Skincare,386,3.5
P0157,Sunscreen,SunSafe,,802,4.1
P0158,Hair Serum,HairPro,,225,4.9
P0159,Conditioner,HairPro,Haircare,151,4.7
P0160,Face Wash,SkinPure,Skincare,667,3.8
P0161,Conditioner,HairPro,Haircare,979,
P0162,Glow Cream,DermCare,Skincare,466,4.7
P0163,Hair Serum,HairPro,Haircare,859,4.1
P0164,Sunscreen,SunSafe,Skincare,211,4.2
P0165,Night Cream,GlowCare,Skincare,758,4.9
P0166,Face Wash,SkinPure,Skincare,554,3.6
P0167,Lip Balm,BeautyX,Lipcare,748,4.4
P0168,Hair Serum,HairPro,Haircare,719,4.1
P0169,Night Cream,GlowCare,Skincare,320,4.1
P0170,Face Mask,PureSkin,Skincare,,3.6
P0171,Lip Balm,BeautyX,Lipcare,585,3.6
P0172,Sunscreen,SunSafe,Skincare,669,3.6
P0173,Body Lotion,SoftCare,Bodycare,781,4.9
P0174,Hair Serum,HairPro,Haircare,691,4.3
P0175,Face Wash,SkinPure,Skincare,669,4.1
P0176,Body Lotion,SoftCare,Bodycare,885,4.7
P0177,Conditioner,HairPro,Haircare,949,4.5
P0178,Hair Serum,HairPro,Haircare,459,3.5
P0179,Face Wash,SkinPure,Skincare,748,5
P0180,Body Lotion,SoftCare,Bodycare,261,4.1
P0181,Face Wash,SkinPure,Skincare,259,3.7
P0182,Face Mask,PureSkin,Skincare,597,4.4
P0183,Sunscreen,SunSafe,Skincare,390,4.5
P0184,Glow Cream,DermCare,Skincare,713,3.6
P0185,Hair Serum,HairPro,Haircare,222,3.5
P0186,Night Cream,GlowCare,Skincare,612,4.3
P0187,Glow Cream,DermCare,Skincare,570,4.9
P0188,Body Lotion,SoftCare,Bodycare,527,3.9
P0189,Conditioner,HairPro,Haircare,806,4.9
P0190,Body Lotion,SoftCare,Bodycare,636,3.6
P0191,Sunscreen,,Skincare,178,
P0192,Sunscreen,SunSafe,Skincare,938,4.5
P0193,Shampoo,NatureGlow,Haircare,256,4.6
P0194,Face Mask,PureSkin,Skincare,878,4.4
P0195,Sunscreen,SunSafe,Skincare,742,4
P0196,Hair Serum,HairPro,Haircare,705,3.6
P0197,Glow Cream,DermCare,Skincare,951,3.9
P0198,Body Lotion,SoftCare,Bodycare,667,4.9
P0199,Shampoo,NatureGlow,Haircare,587,4.3
P0200,Face Wash,SkinPure,Skincare,276,3.6
P0201,Conditioner,HairPro,Haircare,481,4.9
P0202,Conditioner,HairPro,Haircare,746,4.5
P0203,Body Lotion,SoftCare,Bodycare,841,4.8
P0204,Face Wash,SkinPure,Skincare,244,
P0205,Lip Balm,BeautyX,Lipcare,186,4
P0206,Lip Balm,BeautyX,Lipcare,948,4.9
P0207,Body Lotion,SoftCare,Bodycare,118,4
P0208,Shampoo,,Haircare,258,3.6
P0209,Night Cream,,Skincare,444,4.8
P0210,Lip Balm,BeautyX,Lipcare,809,4.7
P0211,,SoftCare,Bodycare,836,3.9
P0212,Face Mask,PureSkin,Skincare,344,4
P0213,Conditioner,HairPro,Haircare,572,4.7
P0214,Lip Balm,BeautyX,Lipcare,920,4.4
P0215,Sunscreen,SunSafe,Skincare,205,4.6
P0216,Lip Balm,BeautyX,Lipcare,625,3.7
P0217,Glow Cream,DermCare,Skincare,505,4.3
P0218,Glow Cream,DermCare,Skincare,201,4.8
P0219,Glow Cream,DermCare,Skincare,949,4.2
P0220,Face Mask,PureSkin,Skincare,181,3.5
P0221,Night Cream,GlowCare,Skincare,894,3.9
P0222,Conditioner,HairPro,,213,4.8
P0223,Night Cream,GlowCare,Skincare,835,3.7
P0224,Conditioner,HairPro,Haircare,780,4.5
P0225,Night Cream,GlowCare,Skincare,619,4.3
P0226,Sunscreen,SunSafe,Skincare,116,4
P0227,Face Wash,SkinPure,Skincare,852,4.6
P0228,Lip Balm,BeautyX,Lipcare,801,4.2
P0229,Lip Balm,BeautyX,Lipcare,894,4.9
P0230,Shampoo,NatureGlow,Haircare,423,
P0231,Hair Serum,HairPro,Haircare,762,3.8
P0232,Hair Serum,HairPro,Haircare,476,4.2
P0233,Lip Balm,,Lipcare,609,4.1
P0234,Body Lotion,SoftCare,Bodycare,716,5
P0235,Face Wash,SkinPure,Skincare,402,4
P0236,Face Mask,PureSkin,Skincare,143,4.6
P0237,Glow Cream,DermCare,Skincare,752,4.1
P0238,Lip Balm,BeautyX,Lipcare,794,4.7
P0239,Sunscreen,SunSafe,Skincare,680,3.5
P0240,Face Mask,PureSkin,Skincare,687,3.7
P0241,Shampoo,NatureGlow,Haircare,126,4.6
P0242,Hair Serum,HairPro,Haircare,820,
P0243,Face Wash,SkinPure,Skincare,175,4.2
P0244,Sunscreen,SunSafe,Skincare,826,3.6
P0245,Lip Balm,BeautyX,Lipcare,620,3.8
P0246,Sunscreen,SunSafe,Skincare,477,4.2
P0247,Hair Serum,HairPro,Haircare,834,4.6
P0248,Conditioner,HairPro,Haircare,424,4.5
P0249,Lip Balm,BeautyX,Lipcare,898,4.3
P0250,Night Cream,GlowCare,,156,4.7
P0251,Sunscreen,SunSafe,Skincare,330,4
P0252,Shampoo,NatureGlow,Haircare,664,3.9
P0253,Night Cream,GlowCare,Skincare,706,4.9
P0254,Conditioner,HairPro,Haircare,677,3.6
P0255,Conditioner,HairPro,,315,4.7
P0256,Night Cream,GlowCare,Skincare,409,4.2
P0257,Face Wash,SkinPure,Skincare,261,4.2
P0258,Lip Balm,BeautyX,Lipcare,835,4
P0259,Sunscreen,SunSafe,Skincare,208,4
P0260,Lip Balm,BeautyX,Lipcare,397,4.9
P0261,Lip Balm,BeautyX,Lipcare,691,4.6
P0262,Face Mask,PureSkin,Skincare,609,3.5
P0263,Conditioner,HairPro,Haircare,151,3.9
P0264,Night Cream,GlowCare,Skincare,210,4.1
P0265,Body Lotion,SoftCare,Bodycare,510,3.6
P0266,Face Wash,SkinPure,Skincare,561,4.6
P0267,Lip Balm,BeautyX,Lipcare,503,4.1
P0268,Conditioner,HairPro,Haircare,612,3.6
P0269,Face Mask,PureSkin,Skincare,252,4.4
P0270,Lip Balm,BeautyX,Lipcare,731,4.6
P0271,Night Cream,GlowCare,Skincare,825,4.3
P0272,Face Wash,SkinPure,Skincare,697,4
P0273,Glow Cream,DermCare,Skincare,371,5
P0274,Glow Cream,DermCare,Skincare,,4.3
P0275,Shampoo,NatureGlow,Haircare,817,3.7
P0276,Body Lotion,SoftCare,Bodycare,520,4.3
P0277,Glow Cream,DermCare,Skincare,631,3.8
P0278,Sunscreen,SunSafe,Skincare,570,4.9
P0279,Hair Serum,HairPro,Haircare,296,4.9
P0280,Hair Serum,HairPro,Haircare,806,4.6
P0281,Hair Serum,HairPro,Haircare,687,4.5
P0282,Lip Balm,BeautyX,Lipcare,394,4.9
P0283,Face Mask,PureSkin,Skincare,947,4.3
P0284,Face Wash,SkinPure,Skincare,700,3.9
P0285,Shampoo,,Haircare,523,4
P0286,Night Cream,GlowCare,Skincare,261,4.1
P0287,Hair Serum,HairPro,Haircare,761,3.6
P0288,Night Cream,GlowCare,Skincare,970,4.9
P0289,Body Lotion,SoftCare,Bodycare,290,4.9
P0290,Conditioner,HairPro,Haircare,443,3.9
P0291,Night Cream,GlowCare,Skincare,297,4.7
P0292,Hair Serum,HairPro,Haircare,,4.6
P0293,Shampoo,NatureGlow,Haircare,976,4.5
P0294,Body Lotion,SoftCare,Bodycare,289,5
P0295,Body Lotion,SoftCare,Bodycare,871,3.9
P0296,Glow Cream,DermCare,Skincare,468,4.5
P0297,Lip Balm,BeautyX,Lipcare,614,4.9
P0298,Face Wash,SkinPure,Skincare,402,4.1
P0299,Face Mask,PureSkin,Skincare,720,4.1
P0300,Shampoo,NatureGlow,Haircare,,4.6
P0301,Sunscreen,SunSafe,Skincare,677,3.7
P0302,Night Cream,GlowCare,Skincare,435,4.8
P0303,Conditioner,HairPro,Haircare,622,4.2
P0304,Face Mask,PureSkin,Skincare,672,4.2
P0305,Hair Serum,HairPro,Haircare,863,3.8
P0306,Face Wash,SkinPure,Skincare,161,4.9
P0307,Lip Balm,BeautyX,Lipcare,884,4.5
P0308,Face Mask,PureSkin,Skincare,486,4.1
P0309,Sunscreen,SunSafe,Skincare,650,4.1
P0310,Glow Cream,DermCare,Skincare,574,4.5
P0311,Shampoo,NatureGlow,Haircare,454,3.7
P0312,Body Lotion,SoftCare,Bodycare,116,3.9
P0313,Conditioner,HairPro,Haircare,993,3.6
P0314,Night Cream,GlowCare,Skincare,984,4.7
P0315,Conditioner,HairPro,Haircare,712,4.7
P0316,Night Cream,GlowCare,Skincare,407,3.9
P0317,Body Lotion,SoftCare,Bodycare,148,5
P0318,Body Lotion,SoftCare,Bodycare,407,4.1
P0319,Shampoo,NatureGlow,Haircare,824,3.7
P0320,Night Cream,GlowCare,Skincare,497,3.9
P0321,Sunscreen,SunSafe,Skincare,841,4.7
P0322,Conditioner,HairPro,Haircare,174,3.8
P0323,Shampoo,NatureGlow,Haircare,990,4.9
P0324,Face Wash,SkinPure,Skincare,872,4.2
P0325,Body Lotion,SoftCare,Bodycare,,4
P0326,Sunscreen,SunSafe,Skincare,468,4.3
P0327,Sunscreen,SunSafe,Skincare,479,4
P0328,Lip Balm,,Lipcare,666,4.9
P0329,Shampoo,NatureGlow,Haircare,488,4.4
P0330,Sunscreen,SunSafe,Skincare,941,4.2
P0331,Lip Balm,BeautyX,Lipcare,460,3.8
P0332,Glow Cream,DermCare,Skincare,959,4.8
P0333,Lip Balm,BeautyX,Lipcare,336,3.6
P0334,Sunscreen,SunSafe,Skincare,753,4.5
P0335,Glow Cream,DermCare,Skincare,521,
P0336,Glow Cream,DermCare,Skincare,814,4.5
P0337,Lip Balm,BeautyX,Lipcare,734,4.3
P0338,Sunscreen,SunSafe,Skincare,570,4.3
P0339,Face Wash,SkinPure,Skincare,978,4.5
P0340,Night Cream,GlowCare,Skincare,752,3.5
P0341,Sunscreen,SunSafe,Skincare,978,5
P0342,Conditioner,HairPro,Haircare,147,4.9
P0343,Glow Cream,DermCare,,970,4
P0344,Body Lotion,SoftCare,Bodycare,406,3.7
P0345,Night Cream,GlowCare,Skincare,873,4.6
P0346,Sunscreen,,Skincare,547,3.8
P0347,Body Lotion,SoftCare,Bodycare,434,3.5
P0348,Night Cream,GlowCare,Skincare,542,3.8
P0349,Conditioner,HairPro,Haircare,352,4.6
P0350,Lip Balm,BeautyX,Lipcare,424,4
P0351,Hair Serum,HairPro,Haircare,189,3.8
P0352,Face Wash,SkinPure,,462,4.3
P0353,Body Lotion,SoftCare,Bodycare,523,4.1
P0354,Night Cream,GlowCare,Skincare,489,3.8
P0355,Face Wash,SkinPure,Skincare,382,
P0356,Face Mask,PureSkin,Skincare,300,4.2
P0357,Conditioner,HairPro,Haircare,982,4
P0358,Lip Balm,BeautyX,Lipcare,717,4.9
P0359,Sunscreen,SunSafe,Skincare,811,4.4
P0360,Body Lotion,SoftCare,,677,3.8
P0361,Face Mask,PureSkin,Skincare,314,4.2
P0362,Face Mask,PureSkin,Skincare,410,3.9
P0363,Body Lotion,SoftCare,Bodycare,712,4.2
P0364,Night Cream,GlowCare,Skincare,468,4.6
P0365,Face Wash,SkinPure,Skincare,,4.5
P0366,Body Lotion,,Bodycare,439,4.9
P0367,Shampoo,NatureGlow,Haircare,631,4.3
P0368,Body Lotion,SoftCare,Bodycare,795,4.4
P0369,Face Wash,SkinPure,Skincare,187,3.7
P0370,Sunscreen,SunSafe,Skincare,311,4.3
P0371,Face Mask,PureSkin,Skincare,407,3.6
P0372,Face Wash,SkinPure,Skincare,268,4.9
P0373,Lip Balm,BeautyX,Lipcare,536,4.9
P0374,Body Lotion,SoftCare,Bodycare,855,4.4
P0375,Glow Cream,DermCare,Skincare,310,3.9
P0376,Night Cream,GlowCare,,433,3.8
P0377,Sunscreen,SunSafe,Skincare,725,4.1
P0378,Lip Balm,BeautyX,Lipcare,822,4.7
P0379,Lip Balm,BeautyX,Lipcare,344,4
P0380,Body Lotion,SoftCare,Bodycare,241,4.4
P0381,Lip Balm,BeautyX,Lipcare,601,3.9
P0382,Glow Cream,DermCare,Skincare,109,4.2
P0383,Face Mask,PureSkin,Skincare,603,4.1
P0384,,HairPro,Haircare,879,3.8
P0385,Lip Balm,BeautyX,Lipcare,679,4.6
P0386,Conditioner,HairPro,Haircare,893,4.3
P0387,Face Mask,,Skincare,535,
P0388,Glow Cream,DermCare,Skincare,456,4.8
P0389,Shampoo,NatureGlow,Haircare,855,4.4
P0390,Lip Balm,BeautyX,Lipcare,903,3.8
P0391,Hair Serum,HairPro,Haircare,272,4
P0392,Night Cream,GlowCare,Skincare,795,4.7
P0393,Lip Balm,BeautyX,Lipcare,235,3.9
P0394,Body Lotion,SoftCare,Bodycare,691,4.4
P0395,Face Wash,SkinPure,Skincare,867,3.9
P0396,Conditioner,HairPro,,892,4.8
P0397,Sunscreen,SunSafe,Skincare,914,4.3
P0398,Hair Serum,HairPro,Haircare,390,4
P0399,Sunscreen,SunSafe,Skincare,880,3.6
P0400,Face Wash,SkinPure,Skincare,261,4.2
P0401,Hair Serum,,Haircare,997,3.9
P0402,Lip Balm,BeautyX,Lipcare,740,4
P0403,Face Wash,SkinPure,Skincare,588,3.6
P0404,Glow Cream,DermCare,Skincare,451,4.7
P0405,Face Wash,SkinPure,Skincare,191,4.6
P0406,Lip Balm,BeautyX,Lipcare,932,4.6
P0407,,,,724,4.5
P0408,Lip Balm,BeautyX,Lipcare,730,4.5
P0409,Face Wash,SkinPure,Skincare,493,4
P0410,Hair Serum,HairPro,Haircare,354,
P0411,Glow Cream,,Skincare,774,4.8
P0412,Body Lotion,SoftCare,Bodycare,155,4.7
P0413,Shampoo,NatureGlow,Haircare,708,3.6
P0414,Body Lotion,SoftCare,Bodycare,682,4.1
P0415,,SkinPure,Skincare,169,3.5
P0416,Hair Serum,HairPro,Haircare,613,4.7
P0417,Night Cream,GlowCare,Skincare,256,3.9
P0418,Lip Balm,BeautyX,Lipcare,500,4.4
P0419,Hair Serum,,Haircare,847,4.9
P0420,Face Wash,SkinPure,Skincare,723,3.6
P0421,Face Wash,SkinPure,Skincare,240,4.6
P0422,Hair Serum,HairPro,Haircare,229,4.6
P0423,Glow Cream,DermCare,Skincare,539,3.9
P0424,Face Wash,SkinPure,Skincare,623,4
P0425,Hair Serum,HairPro,Haircare,687,4.5
P0426,Glow Cream,DermCare,Skincare,112,3.9
P0427,Glow Cream,DermCare,Skincare,831,4.6
P0428,Sunscreen,SunSafe,Skincare,,4.4
P0429,Shampoo,NatureGlow,Haircare,147,4.9
P0430,Hair Serum,HairPro,Haircare,666,4.2
P0431,Hair Serum,HairPro,Haircare,348,4.2
P0432,Night Cream,GlowCare,Skincare,351,3.7
P0433,Sunscreen,SunSafe,Skincare,810,4.8
P0434,Hair Serum,HairPro,Haircare,642,5
P0435,Hair Serum,HairPro,Haircare,337,4.8
P0436,Face Wash,SkinPure,Skincare,617,3.7
P0437,Glow Cream,DermCare,Skincare,233,3.9
P0438,Sunscreen,SunSafe,Skincare,378,3.9
P0439,Lip Balm,BeautyX,Lipcare,560,4.2
P0440,Shampoo,NatureGlow,Haircare,574,3.9
P0441,Conditioner,HairPro,Haircare,955,4.8
P0442,Body Lotion,SoftCare,Bodycare,793,3.9
P0443,Face Mask,PureSkin,Skincare,663,3.9
P0444,Glow Cream,DermCare,Skincare,899,5
P0445,Face Wash,SkinPure,Skincare,365,4.9
P0446,Face Mask,PureSkin,Skincare,194,4.9
P0447,Glow Cream,DermCare,Skincare,687,4.1
P0448,Body Lotion,SoftCare,Bodycare,319,4.9
P0449,Conditioner,HairPro,Haircare,351,4.5
P0450,Face Wash,SkinPure,Skincare,240,4.1
P0451,Night Cream,GlowCare,Skincare,491,4.7
P0452,Conditioner,HairPro,Haircare,497,3.9
P0453,Hair Serum,HairPro,Haircare,583,4.3
P0454,Shampoo,NatureGlow,Haircare,372,4.3
P0455,Body Lotion,SoftCare,Bodycare,959,5
P0456,Sunscreen,SunSafe,Skincare,128,4.6
P0457,Shampoo,NatureGlow,Haircare,929,4.8
P0458,Glow Cream,DermCare,Skincare,338,4.4
P0459,Conditioner,HairPro,Haircare,233,4
P0460,Conditioner,HairPro,Haircare,245,4.7
P0461,Sunscreen,SunSafe,Skincare,778,4.1
P0462,Lip Balm,BeautyX,Lipcare,547,4.7
P0463,Night Cream,GlowCare,Skincare,728,4.7
P0464,Hair Serum,HairPro,Haircare,401,3.7
P0465,Conditioner,HairPro,Haircare,716,4
P0466,Face Wash,SkinPure,Skincare,244,4
P0467,Face Wash,SkinPure,Skincare,786,4.5
P0468,Shampoo,NatureGlow,Haircare,169,4
P0469,Body Lotion,SoftCare,Bodycare,529,5
P0470,Night Cream,GlowCare,Skincare,948,4.2
P0471,Lip Balm,BeautyX,Lipcare,918,4.8
P0472,Face Wash,SkinPure,Skincare,484,3.7
P0473,Conditioner,HairPro,Haircare,821,3.5
P0474,Glow Cream,DermCare,Skincare,310,5
P0475,Night Cream,GlowCare,Skincare,388,3.9
P0476,,PureSkin,Skincare,469,3.5
P0477,Conditioner,HairPro,Haircare,199,3.5
P0478,Face Wash,SkinPure,Skincare,507,4.2
P0479,Night Cream,GlowCare,Skincare,479,4.8
P0480,Face Mask,PureSkin,Skincare,331,4.8
P0481,Face Wash,SkinPure,Skincare,452,4.7
P0482,Body Lotion,SoftCare,Bodycare,528,4.9
P0483,Hair Serum,HairPro,Haircare,974,4.6
P0484,Conditioner,HairPro,Haircare,875,4.2
P0485,Glow Cream,DermCare,Skincare,799,4.2
P0486,Sunscreen,SunSafe,Skincare,926,3.6
P0487,Hair Serum,HairPro,Haircare,994,3.5
P0488,Body Lotion,SoftCare,Bodycare,,3.7
P0489,Conditioner,HairPro,Haircare,904,3.9
P0490,Face Mask,PureSkin,Skincare,584,3.6
P0491,Body Lotion,SoftCare,Bodycare,1000,4
P0492,Sunscreen,SunSafe,Skincare,937,4.7
P0493,Face Wash,,Skincare,333,3.7
P0494,Body Lotion,SoftCare,Bodycare,191,3.8
P0495,Night Cream,GlowCare,Skincare,940,3.6
P0496,Night Cream,GlowCare,Skincare,899,4.8
P0497,,NatureGlow,Haircare,355,3.5
P0498,Sunscreen,SunSafe,Skincare,617,4.1
P0499,,SunSafe,Skincare,556,3.8
P0500,Sunscreen,SunSafe,Skincare,364,4.6
P0501,Glow Cream,DermCare,Skincare,685,
P0502,Shampoo,NatureGlow,Haircare,519,4.3
P0503,Lip Balm,BeautyX,Lipcare,108,3.8
P0504,Hair Serum,HairPro,Haircare,485,4.8
P0505,Night Cream,GlowCare,Skincare,506,4.4
P0506,Conditioner,HairPro,Haircare,405,4.5
P0507,Sunscreen,SunSafe,Skincare,367,4.5
P0508,Night Cream,GlowCare,Skincare,158,4.7
P0509,Lip Balm,BeautyX,Lipcare,771,4.2
P0510,Glow Cream,DermCare,Skincare,685,4.7
P0511,Night Cream,GlowCare,Skincare,587,4.9
P0512,Lip Balm,BeautyX,Lipcare,997,4.3
P0513,,HairPro,Haircare,672,4.6
P0514,Shampoo,NatureGlow,Haircare,862,4.8
P0515,Hair Serum,HairPro,Haircare,220,4.2
P0516,Face Wash,SkinPure,Skincare,299,
P0517,Body Lotion,SoftCare,Bodycare,974,3.7
P0518,Lip Balm,BeautyX,Lipcare,832,3.8
P0519,Sunscreen,SunSafe,Skincare,104,4.2
P0520,Face Wash,SkinPure,Skincare,544,4.5
P0521,Glow Cream,DermCare,Skincare,848,4.1
P0522,Glow Cream,DermCare,Skincare,741,4.6
P0523,,SkinPure,Skincare,702,4
P0524,Night Cream,GlowCare,Skincare,445,4.2
P0525,Shampoo,NatureGlow,Haircare,931,4.1
P0526,Glow Cream,DermCare,Skincare,,3.7
P0527,Hair Serum,HairPro,Haircare,738,3.6
P0528,Glow Cream,DermCare,Skincare,218,4.1
P0529,Lip Balm,BeautyX,Lipcare,802,4.4
P0530,Night Cream,GlowCare,Skincare,720,4.6
P0531,Face Wash,SkinPure,Skincare,903,3.7
P0532,Night Cream,GlowCare,Skincare,466,4.6
P0533,Shampoo,NatureGlow,Haircare,592,4
P0534,Conditioner,HairPro,Haircare,252,4.9
P0535,Face Wash,SkinPure,Skincare,759,3.8
P0536,Lip Balm,BeautyX,Lipcare,972,3.9
P0537,Face Wash,SkinPure,,876,4.8
P0538,Sunscreen,SunSafe,Skincare,548,4.9
P0539,Sunscreen,SunSafe,Skincare,510,4.1
P0540,Face Mask,PureSkin,Skincare,764,4.8
P0541,Glow Cream,DermCare,Skincare,964,3.7
P0542,Face Mask,PureSkin,Skincare,488,4.7
P0543,Lip Balm,BeautyX,Lipcare,599,3.7
P0544,Sunscreen,SunSafe,Skincare,989,4.5
P0545,Shampoo,NatureGlow,Haircare,785,4.8
P0546,Face Wash,SkinPure,Skincare,844,3.9
P0547,Lip Balm,BeautyX,Lipcare,671,4.8
P0548,Night Cream,GlowCare,Skincare,972,
P0549,Shampoo,NatureGlow,Haircare,384,3.6
P0550,Shampoo,NatureGlow,Haircare,554,4.7
P0551,Sunscreen,SunSafe,Skincare,609,4.6
P0552,Night Cream,GlowCare,Skincare,945,
P0553,Night Cream,GlowCare,,787,4.2
P0554,Shampoo,NatureGlow,Haircare,439,4.3
P0555,Sunscreen,SunSafe,Skincare,216,3.6
P0556,Hair Serum,HairPro,,482,4.6
P0557,Body Lotion,SoftCare,Bodycare,725,3.8
P0558,Shampoo,NatureGlow,Haircare,210,4.6
P0559,Face Wash,SkinPure,Skincare,561,4.2
P0560,Night Cream,GlowCare,Skincare,666,4.9
P0561,Lip Balm,BeautyX,Lipcare,277,4.6
P0562,Conditioner,HairPro,Haircare,616,4.8
P0563,Body Lotion,SoftCare,,401,4.2
P0564,Night Cream,GlowCare,Skincare,818,4.3
P0565,Shampoo,NatureGlow,Haircare,739,
P0566,,BeautyX,Lipcare,810,4.5
P0567,Face Mask,PureSkin,Skincare,783,4.6
P0568,Body Lotion,SoftCare,Bodycare,635,3.7
P0569,Shampoo,NatureGlow,Haircare,904,3.7
P0570,Glow Cream,DermCare,Skincare,402,3.8
P0571,Conditioner,HairPro,Haircare,857,4.3
P0572,Shampoo,NatureGlow,Haircare,915,4.7
P0573,Body Lotion,SoftCare,Bodycare,907,5
P0574,Hair Serum,HairPro,Haircare,989,4.7
P0575,Sunscreen,SunSafe,Skincare,659,4.6
P0576,Lip Balm,,Lipcare,176,3.8
P0577,Glow Cream,DermCare,Skincare,669,3.9
P0578,Sunscreen,,Skincare,258,3.6
P0579,Conditioner,HairPro,Haircare,,4.2
P0580,Sunscreen,SunSafe,Skincare,288,4.3
P0581,Night Cream,GlowCare,Skincare,457,3.8
P0582,Hair Serum,HairPro,Haircare,870,4.4
P0583,Face Wash,SkinPure,,556,3.9
P0584,Sunscreen,SunSafe,Skincare,915,4.9
P0585,Glow Cream,DermCare,Skincare,941,4.7
P0586,Hair Serum,HairPro,Haircare,297,4
P0587,Glow Cream,DermCare,Skincare,315,4.5
P0588,Face Wash,SkinPure,Skincare,948,4.6
P0589,Lip Balm,BeautyX,Lipcare,834,4
P0590,Hair Serum,HairPro,Haircare,688,4.7
P0591,Body Lotion,SoftCare,Bodycare,117,4.1
P0592,Conditioner,HairPro,Haircare,863,4.4
P0593,Hair Serum,HairPro,Haircare,408,4.4
P0594,Glow Cream,DermCare,Skincare,646,3.8
P0595,Lip Balm,BeautyX,Lipcare,914,4.8
P0596,Night Cream,GlowCare,Skincare,142,3.5
P0597,Hair Serum,HairPro,Haircare,859,4.9
P0598,Night Cream,GlowCare,Skincare,288,3.8
P0599,Conditioner,HairPro,Haircare,971,4.6
P0600,Hair Serum,HairPro,Haircare,356,3.6
P0601,Lip Balm,BeautyX,Lipcare,340,3.7
P0602,Face Mask,PureSkin,Skincare,775,4
P0603,Sunscreen,SunSafe,Skincare,272,3.5
P0604,Body Lotion,SoftCare,Bodycare,468,3.7
P0605,Sunscreen,SunSafe,Skincare,,4.3
P0606,Hair Serum,HairPro,Haircare,243,4.8
P0607,Face Wash,SkinPure,Skincare,969,4.3
P0608,Conditioner,HairPro,Haircare,,4.3
P0609,Lip Balm,BeautyX,Lipcare,328,4.8
P0610,Face Mask,PureSkin,Skincare,192,4.1
P0611,Conditioner,HairPro,Haircare,875,4.3
P0612,Lip Balm,,Lipcare,595,4.9
P0613,Face Wash,SkinPure,Skincare,339,3.6
P0614,Face Mask,PureSkin,Skincare,147,3.6
P0615,Hair Serum,HairPro,Haircare,369,4.4
P0616,Sunscreen,SunSafe,Skincare,955,3.6
P0617,Sunscreen,SunSafe,Skincare,453,4.2
P0618,Face Mask,PureSkin,Skincare,178,4.3
P0619,Sunscreen,SunSafe,,936,3.7
P0620,Face Wash,SkinPure,Skincare,590,4.2
P0621,Shampoo,NatureGlow,Haircare,687,4.4
P0622,Lip Balm,BeautyX,Lipcare,364,4.9
P0623,Glow Cream,DermCare,Skincare,845,4.5
P0624,Face Mask,PureSkin,Skincare,274,3.8
P0625,Lip Balm,BeautyX,Lipcare,623,3.9
P0626,Conditioner,HairPro,Haircare,487,4.1
P0627,Night Cream,GlowCare,,946,3.7
P0628,Glow Cream,DermCare,Skincare,644,4.3
P0629,Conditioner,HairPro,Haircare,101,4.8
P0630,Body Lotion,SoftCare,Bodycare,144,4.5
P0631,Body Lotion,SoftCare,Bodycare,923,4.6
P0632,Lip Balm,BeautyX,Lipcare,884,3.8
P0633,Body Lotion,SoftCare,Bodycare,105,4.6
P0634,Night Cream,GlowCare,Skincare,770,3.8
P0635,Lip Balm,BeautyX,Lipcare,699,3.9
P0636,Conditioner,HairPro,Haircare,796,4.1
P0637,Lip Balm,BeautyX,Lipcare,,4.2
P0638,Lip Balm,BeautyX,Lipcare,775,3.7
P0639,Face Wash,SkinPure,Skincare,510,4.7
P0640,Glow Cream,DermCare,Skincare,751,3.5
P0641,Face Wash,SkinPure,Skincare,327,4.1
P0642,Conditioner,HairPro,Haircare,393,4.6
P0643,Face Mask,PureSkin,Skincare,306,4.8
P0644,Conditioner,HairPro,Haircare,815,3.8
P0645,Glow Cream,DermCare,Skincare,188,5
P0646,Body Lotion,SoftCare,Bodycare,630,3.5
P0647,Night Cream,GlowCare,Skincare,456,4
P0648,Face Mask,,Skincare,688,3.5
P0649,Face Wash,SkinPure,Skincare,448,4.9
P0650,Conditioner,HairPro,Haircare,553,4.9
P0651,Sunscreen,SunSafe,Skincare,569,4.5
P0652,Face Wash,SkinPure,Skincare,491,4.5
P0653,Sunscreen,SunSafe,Skincare,461,4.3
P0654,Hair Serum,HairPro,Haircare,789,4.6
P0655,Sunscreen,SunSafe,Skincare,687,3.9
P0656,Shampoo,NatureGlow,Haircare,347,4.8
P0657,Conditioner,HairPro,Haircare,897,3.7
P0658,Conditioner,HairPro,Haircare,977,4.3
P0659,Face Mask,PureSkin,Skincare,688,4.8
P0660,Body Lotion,SoftCare,Bodycare,690,3.7
P0661,,GlowCare,Skincare,981,4.5
P0662,Face Mask,PureSkin,Skincare,108,3.5
P0663,Sunscreen,SunSafe,Skincare,365,3.8
P0664,Sunscreen,SunSafe,Skincare,610,4.1
P0665,Body Lotion,SoftCare,Bodycare,284,4.4
P0666,Hair Serum,HairPro,Haircare,668,4.1
P0667,,PureSkin,Skincare,280,4.1
P0668,Sunscreen,SunSafe,Skincare,407,3.9
P0669,Lip Balm,BeautyX,Lipcare,933,3.9
P0670,Sunscreen,SunSafe,Skincare,468,4.3
P0671,Face Wash,SkinPure,,795,4.9
P0672,Night Cream,GlowCare,Skincare,899,3.9
P0673,Face Mask,PureSkin,Skincare,490,4.4
P0674,Sunscreen,SunSafe,Skincare,727,4.4
P0675,Shampoo,NatureGlow,Haircare,,3.9
P0676,Face Mask,PureSkin,Skincare,471,4.6
P0677,Glow Cream,DermCare,Skincare,340,4.5
P0678,Shampoo,NatureGlow,Haircare,205,3.6
P0679,Body Lotion,SoftCare,Bodycare,185,3.7
P0680,Hair Serum,,,855,3.9
P0681,Lip Balm,BeautyX,Lipcare,779,4
P0682,Night Cream,GlowCare,Skincare,661,4.2
P0683,Face Mask,PureSkin,Skincare,751,4.8
P0684,Hair Serum,HairPro,Haircare,593,4.3
P0685,Body Lotion,SoftCare,Bodycare,410,3.5
P0686,Night Cream,GlowCare,Skincare,603,4.9
P0687,Hair Serum,HairPro,Haircare,915,3.5
P0688,Body Lotion,SoftCare,,832,4.6
P0689,Body Lotion,SoftCare,Bodycare,629,4.6
P0690,Hair Serum,HairPro,Haircare,860,4.3
P0691,Lip Balm,BeautyX,Lipcare,,4.2
P0692,Shampoo,NatureGlow,Haircare,255,3.6
P0693,Hair Serum,HairPro,Haircare,548,4.6
P0694,Shampoo,NatureGlow,Haircare,419,4.7
P0695,Glow Cream,DermCare,Skincare,963,4.6
P0696,Night Cream,GlowCare,Skincare,296,4.8
P0697,Shampoo,NatureGlow,Haircare,553,3.9
P0698,Face Wash,SkinPure,Skincare,313,4.2
P0699,Glow Cream,DermCare,Skincare,662,4.3
P0700,Sunscreen,SunSafe,Skincare,984,4.5
P0701,Glow Cream,DermCare,Skincare,382,4.4
P0702,Face Mask,PureSkin,Skincare,258,4.1
P0703,Conditioner,HairPro,Haircare,877,4.4
P0704,Night Cream,GlowCare,Skincare,228,4.2
P0705,Sunscreen,SunSafe,Skincare,549,4.6
P0706,Lip Balm,BeautyX,Lipcare,140,4.2
P0707,Face Mask,PureSkin,Skincare,291,4.3
P0708,Conditioner,HairPro,Haircare,667,3.7
P0709,Hair Serum,HairPro,Haircare,564,3.5
P0710,Glow Cream,DermCare,Skincare,,4.7
P0711,Night Cream,GlowCare,Skincare,294,4.3
P0712,Sunscreen,SunSafe,Skincare,429,3.7
P0713,Lip Balm,BeautyX,Lipcare,132,3.8
P0714,Body Lotion,SoftCare,Bodycare,638,4.4
P0715,Conditioner,HairPro,Haircare,113,4.9
P0716,Glow Cream,DermCare,Skincare,861,4.9
P0717,Conditioner,HairPro,Haircare,141,4.6
P0718,Face Wash,SkinPure,Skincare,336,4.3
P0719,Conditioner,HairPro,Haircare,283,4.3
P0720,Conditioner,HairPro,Haircare,569,4.6
P0721,Body Lotion,SoftCare,Bodycare,773,3.7
P0722,Sunscreen,SunSafe,Skincare,522,4.6
P0723,Conditioner,HairPro,Haircare,484,4.6
P0724,Face Mask,PureSkin,Skincare,100,4.6
P0725,Hair Serum,HairPro,Haircare,327,3.8
P0726,Hair Serum,HairPro,Haircare,623,
P0727,Face Mask,PureSkin,Skincare,241,3.9
P0728,,HairPro,,509,4.4
P0729,Face Mask,PureSkin,Skincare,945,4.8
P0730,Hair Serum,HairPro,Haircare,927,4.4
P0731,Body Lotion,SoftCare,Bodycare,988,3.7
P0732,Conditioner,HairPro,Haircare,749,4.7
P0733,Sunscreen,SunSafe,Skincare,253,4
P0734,Body Lotion,SoftCare,Bodycare,870,4.4
P0735,Body Lotion,SoftCare,Bodycare,444,3.6
P0736,Hair Serum,,Haircare,613,4.2
P0737,Night Cream,GlowCare,Skincare,504,4.5
P0738,Shampoo,NatureGlow,Haircare,372,4.7
P0739,Body Lotion,SoftCare,Bodycare,456,3.8
P0740,Hair Serum,HairPro,Haircare,458,4.4
P0741,Glow Cream,DermCare,Skincare,339,3.8
P0742,Face Wash,SkinPure,Skincare,155,3.9
P0743,Sunscreen,SunSafe,Skincare,213,4
P0744,Night Cream,GlowCare,Skincare,659,4.3
P0745,Lip Balm,BeautyX,Lipcare,784,3.5
P0746,Lip Balm,BeautyX,Lipcare,305,4.7
P0747,Glow Cream,DermCare,Skincare,776,3.9
P0748,Hair Serum,HairPro,Haircare,764,4.1
P0749,Face Mask,PureSkin,Skincare,644,3.6
P0750,Glow Cream,DermCare,Skincare,642,4
P0751,Sunscreen,SunSafe,Skincare,463,4.4
P0752,Hair Serum,HairPro,Haircare,934,5
P0753,Body Lotion,SoftCare,Bodycare,189,4.6
P0754,Shampoo,NatureGlow,Haircare,686,3.7
P0755,Lip Balm,BeautyX,Lipcare,241,4.4
P0756,Night Cream,GlowCare,Skincare,540,5
P0757,Sunscreen,SunSafe,Skincare,645,4.9
P0758,Glow Cream,DermCare,Skincare,523,4.9
P0759,Hair Serum,HairPro,Haircare,292,3.7
P0760,Hair Serum,HairPro,Haircare,727,3.8
P0761,Face Wash,SkinPure,Skincare,588,3.7
P0762,Sunscreen,SunSafe,Skincare,496,4.2
P0763,Body Lotion,SoftCare,Bodycare,115,4.9
P0764,Shampoo,NatureGlow,Haircare,549,4.8
P0765,Body Lotion,SoftCare,Bodycare,142,4.4
P0766,Conditioner,HairPro,Haircare,685,4.4
P0767,Face Wash,SkinPure,Skincare,946,4.8
P0768,Glow Cream,DermCare,Skincare,628,4.6
P0769,Hair Serum,HairPro,Haircare,392,4.2
P0770,Night Cream,GlowCare,Skincare,574,4.7
P0771,Lip Balm,BeautyX,Lipcare,812,4.3
P0772,Lip Balm,BeautyX,Lipcare,829,4.8
P0773,Lip Balm,BeautyX,Lipcare,226,3.6
P0774,Night Cream,GlowCare,Skincare,844,4.7
P0775,,SoftCare,Bodycare,274,4.9
P0776,Lip Balm,,Lipcare,829,3.6
P0777,Lip Balm,BeautyX,Lipcare,234,4.9
P0778,Face Mask,PureSkin,Skincare,610,4.3
P0779,Conditioner,HairPro,Haircare,564,4.1
P0780,Night Cream,GlowCare,Skincare,743,4.3
P0781,Glow Cream,DermCare,Skincare,137,3.7
P0782,Sunscreen,SunSafe,Skincare,150,3.7
P0783,,HairPro,Haircare,675,3.8
P0784,Face Wash,SkinPure,Skincare,430,4.1
P0785,Night Cream,GlowCare,Skincare,582,3.7
P0786,,GlowCare,Skincare,314,4.4
P0787,Face Wash,,Skincare,805,4.4
P0788,Sunscreen,,Skincare,688,5
P0789,Night Cream,GlowCare,Skincare,609,4.2
P0790,Shampoo,NatureGlow,Haircare,124,4.2
P0791,Conditioner,,Haircare,523,3.6
P0792,Glow Cream,DermCare,Skincare,806,3.9
P0793,Night Cream,GlowCare,Skincare,106,3.7
P0794,Conditioner,HairPro,Haircare,952,3.8
P0795,Glow Cream,DermCare,Skincare,593,3.7
P0796,Body Lotion,SoftCare,Bodycare,157,4.8
P0797,Night Cream,GlowCare,Skincare,313,
P0798,Glow Cream,DermCare,Skincare,484,
P0799,Lip Balm,BeautyX,,985,4.7
P0800,Glow Cream,DermCare,Skincare,188,4.2
P0801,Night Cream,GlowCare,Skincare,214,4.1
P0802,Glow Cream,DermCare,Skincare,612,3.7
P0803,Sunscreen,SunSafe,Skincare,992,
P0804,Glow Cream,DermCare,Skincare,830,
P0805,Conditioner,HairPro,Haircare,441,4.2
P0806,Hair Serum,HairPro,Haircare,876,4
P0807,Hair Serum,HairPro,Haircare,426,4.7
P0808,,HairPro,Haircare,,4.3
P0809,Sunscreen,SunSafe,Skincare,821,4.7
P0810,Conditioner,HairPro,Haircare,653,4.2
P0811,Face Wash,SkinPure,Skincare,188,4.1
P0812,Face Mask,PureSkin,Skincare,419,4
P0813,Night Cream,GlowCare,Skincare,873,4.6
P0814,,SkinPure,Skincare,800,4.5
P0815,Lip Balm,BeautyX,Lipcare,731,3.9
P0816,Sunscreen,SunSafe,Skincare,432,4.2
P0817,Face Mask,PureSkin,Skincare,274,3.9
P0818,Face Wash,SkinPure,Skincare,831,4.7
P0819,Hair Serum,HairPro,Haircare,510,4.4
P0820,Face Mask,PureSkin,Skincare,448,3.8
P0821,Sunscreen,SunSafe,Skincare,341,3.8
P0822,Face Mask,PureSkin,Skincare,710,4.2
P0823,Hair Serum,HairPro,Haircare,171,4.4
P0824,Face Mask,PureSkin,Skincare,162,3.6
P0825,Glow Cream,DermCare,Skincare,776,3.7
P0826,Face Mask,PureSkin,Skincare,797,4.8
P0827,Body Lotion,SoftCare,Bodycare,452,5
P0828,Lip Balm,BeautyX,Lipcare,163,4.1
P0829,Sunscreen,SunSafe,Skincare,388,4.8
P0830,Sunscreen,SunSafe,Skincare,515,4.1
P0831,Lip Balm,BeautyX,Lipcare,493,4.8
P0832,Lip Balm,BeautyX,Lipcare,173,4.5
P0833,Lip Balm,BeautyX,Lipcare,757,4.7
P0834,Body Lotion,SoftCare,Bodycare,565,4.3
P0835,Lip Balm,BeautyX,Lipcare,107,4.4
P0836,Hair Serum,HairPro,Haircare,659,4.4
P0837,Sunscreen,,Skincare,593,4.9
P0838,Hair Serum,HairPro,Haircare,180,4.3
P0839,Face Wash,SkinPure,Skincare,652,4.7
P0840,Glow Cream,DermCare,Skincare,624,4.9
P0841,Hair Serum,HairPro,Haircare,136,4.5
P0842,Conditioner,HairPro,Haircare,744,4.2
P0843,Conditioner,HairPro,Haircare,596,3.6
P0844,Lip Balm,BeautyX,Lipcare,381,4.8
P0845,Conditioner,HairPro,Haircare,774,4.2
P0846,Face Mask,PureSkin,Skincare,640,4.8
P0847,Lip Balm,BeautyX,Lipcare,870,5
P0848,Lip Balm,,Lipcare,851,4.8
P0849,Lip Balm,BeautyX,Lipcare,587,4
P0850,Body Lotion,SoftCare,Bodycare,248,4.3
P0851,Sunscreen,SunSafe,Skincare,799,4.9
P0852,Body Lotion,SoftCare,Bodycare,767,
P0853,Conditioner,HairPro,Haircare,891,4.5
P0854,Shampoo,NatureGlow,Haircare,793,4.5
P0855,Glow Cream,DermCare,Skincare,112,4.1
P0856,Shampoo,NatureGlow,Haircare,357,3.8
P0857,Shampoo,NatureGlow,Haircare,753,3.7
P0858,Body Lotion,SoftCare,Bodycare,763,4.3
P0859,Hair Serum,HairPro,Haircare,177,
P0860,Sunscreen,SunSafe,Skincare,899,3.6
P0861,Glow Cream,DermCare,Skincare,,3.9
P0862,Body Lotion,SoftCare,Bodycare,603,3.7
P0863,Face Wash,SkinPure,Skincare,832,3.9
P0864,Hair Serum,HairPro,Haircare,119,4.8
P0865,Body Lotion,SoftCare,Bodycare,816,4
P0866,Face Mask,PureSkin,Skincare,513,4.8
P0867,Body Lotion,SoftCare,Bodycare,937,4.7
P0868,Hair Serum,HairPro,Haircare,747,5
P0869,Sunscreen,SunSafe,Skincare,570,4.6
P0870,Glow Cream,DermCare,Skincare,776,3.8
P0871,Sunscreen,SunSafe,Skincare,747,4.2
P0872,Conditioner,HairPro,Haircare,498,3.6
P0873,Face Mask,PureSkin,Skincare,116,3.6
P0874,Body Lotion,SoftCare,Bodycare,926,4.5
P0875,Conditioner,HairPro,Haircare,173,3.6
P0876,Conditioner,HairPro,Haircare,818,4.5
P0877,Face Wash,SkinPure,Skincare,274,4.8
P0878,Conditioner,HairPro,Haircare,,3.8
P0879,Face Wash,SkinPure,Skincare,689,4.3
P0880,Lip Balm,BeautyX,Lipcare,223,3.9
P0881,Night Cream,GlowCare,Skincare,349,4.9
P0882,Body Lotion,SoftCare,Bodycare,116,4.8
P0883,,HairPro,Haircare,526,4.5
P0884,Lip Balm,BeautyX,Lipcare,635,4.2
P0885,Conditioner,HairPro,Haircare,611,4.4
P0886,,SoftCare,Bodycare,341,3.8
P0887,Night Cream,GlowCare,Skincare,575,4.7
P0888,Face Wash,SkinPure,Skincare,801,4.8
P0889,Glow Cream,DermCare,Skincare,472,3.9
P0890,Face Mask,PureSkin,Skincare,858,3.6
P0891,Night Cream,GlowCare,Skincare,340,4.6
P0892,Sunscreen,SunSafe,Skincare,212,4
P0893,Shampoo,NatureGlow,Haircare,325,3.6
P0894,Shampoo,NatureGlow,Haircare,565,3.8
P0895,Sunscreen,SunSafe,Skincare,307,4
P0896,Lip Balm,BeautyX,Lipcare,576,4.2
P0897,Lip Balm,BeautyX,Lipcare,753,
P0898,Shampoo,NatureGlow,Haircare,,4.3
P0899,Face Mask,PureSkin,Skincare,847,4.1
P0900,Conditioner,HairPro,,,4.9
P0901,Glow Cream,DermCare,Skincare,851,4.7
P0902,Face Wash,SkinPure,Skincare,346,3.6
P0903,Shampoo,NatureGlow,Haircare,402,3.9
P0904,Lip Balm,BeautyX,Lipcare,978,4.4
P0905,Lip Balm,BeautyX,Lipcare,,3.8
P0906,,DermCare,Skincare,172,4.1
P0907,Body Lotion,SoftCare,Bodycare,814,4.9
P0908,Face Wash,SkinPure,Skincare,443,4.6
P0909,Face Wash,SkinPure,Skincare,576,4.4
P0910,Face Wash,SkinPure,Skincare,892,3.8
P0911,Face Mask,PureSkin,Skincare,,4.4
P0912,Shampoo,NatureGlow,Haircare,373,4.3
P0913,Sunscreen,SunSafe,Skincare,613,4.3
P0914,Night Cream,GlowCare,Skincare,,4.4
P0915,Face Mask,,Skincare,500,4.8
P0916,Face Wash,SkinPure,Skincare,608,3.7
P0917,Body Lotion,SoftCare,Bodycare,654,4.9
P0918,Glow Cream,DermCare,Skincare,164,3.5
P0919,Sunscreen,SunSafe,Skincare,451,4.5
P0920,Night Cream,GlowCare,Skincare,555,4.2
P0921,Hair Serum,HairPro,Haircare,480,5
P0922,Face Mask,PureSkin,Skincare,733,4.9
P0923,Lip Balm,BeautyX,Lipcare,219,3.6
P0924,Sunscreen,SunSafe,Skincare,675,4.6
P0925,Face Mask,PureSkin,Skincare,266,4.3
P0926,Lip Balm,BeautyX,Lipcare,427,3.7
P0927,Hair Serum,HairPro,Haircare,396,5
P0928,Conditioner,HairPro,,552,4
P0929,Night Cream,GlowCare,Skincare,125,4.1
P0930,Sunscreen,SunSafe,Skincare,756,3.8
P0931,Glow Cream,DermCare,Skincare,969,4.2
P0932,Face Mask,PureSkin,Skincare,719,4.3
P0933,Body Lotion,SoftCare,Bodycare,481,3.5
P0934,Night Cream,GlowCare,Skincare,845,4.8
P0935,Lip Balm,BeautyX,Lipcare,534,4.6
P0936,Face Wash,SkinPure,Skincare,,4.2
P0937,Body Lotion,SoftCare,Bodycare,519,4.5
P0938,Conditioner,HairPro,Haircare,240,3.8
P0939,Glow Cream,DermCare,,409,4.8
P0940,Shampoo,NatureGlow,Haircare,102,3.7
P0941,Face Wash,SkinPure,Skincare,394,4.1
P0942,Face Wash,SkinPure,Skincare,604,5
P0943,Face Mask,PureSkin,Skincare,989,3.9
P0944,Night Cream,GlowCare,Skincare,117,4.8
P0945,Face Mask,PureSkin,Skincare,238,4
P0946,Sunscreen,SunSafe,Skincare,398,4.3
P0947,Lip Balm,,Lipcare,713,4.6
P0948,Hair Serum,HairPro,Haircare,814,4.5
P0949,Lip Balm,BeautyX,Lipcare,630,3.9
P0950,,SkinPure,Skincare,615,3.8
P0242,Hair Serum,HairPro,Haircare,820,4.2
P0844,Lip Balm,BeautyX,Lipcare,381,4.8
P0415,Face Wash,SkinPure,Skincare,169,3.5
P0734,Body Lotion,SoftCare,Bodycare,870,4.4
P0544,Sunscreen,SunSafe,Skincare,989,4.5
P0310,Glow Cream,DermCare,Skincare,574,4.5
P0867,Body Lotion,SoftCare,Bodycare,937,4.7
P0851,Sunscreen,SunSafe,Skincare,799,4.9
P0036,,BeautyX,Lipcare,322,5
P0079,Body Lotion,SoftCare,Bodycare,960,4.2
P0601,Lip Balm,BeautyX,Lipcare,340,3.7
P0346,Sunscreen,SunSafe,Skincare,547,3.8
P0192,Sunscreen,SunSafe,Skincare,938,4.5
P0105,Lip Balm,BeautyX,Lipcare,676,4.9
P0705,Sunscreen,SunSafe,Skincare,549,4.6
P0684,Hair Serum,HairPro,Haircare,593,4.3
P0102,Glow Cream,DermCare,Skincare,666,3.9
P0783,Conditioner,HairPro,Haircare,675,3.8
P0836,Hair Serum,HairPro,Haircare,659,4.4
P0095,Hair Serum,HairPro,Haircare,629,4.9
P0229,Lip Balm,BeautyX,Lipcare,894,4.9
P0387,Face Mask,PureSkin,Skincare,535,3.7
P0545,Shampoo,NatureGlow,Haircare,785,4.8
P0091,Night Cream,GlowCare,Skincare,376,4.4
P0456,,SunSafe,Skincare,128,4.6
P0676,Face Mask,PureSkin,Skincare,471,4.6
P0249,Lip Balm,BeautyX,Lipcare,898,4.3
P0859,Hair Serum,HairPro,Haircare,177,4.5
P0035,Face Mask,PureSkin,Skincare,813,4.9
P0655,Sunscreen,SunSafe,Skincare,,3.9
P0365,Face Wash,SkinPure,Skincare,773,4.5
P0239,Sunscreen,SunSafe,Skincare,680,3.5
P0042,Face Wash,SkinPure,Skincare,618,3.9
P0746,Lip Balm,BeautyX,Lipcare,305,4.7
P0018,Face Wash,SkinPure,Skincare,261,4.2
P0591,Body Lotion,SoftCare,Bodycare,117,4.1
P0305,,HairPro,Haircare,863,
P0724,Face Mask,PureSkin,Skincare,100,4.6
P0234,Body Lotion,SoftCare,Bodycare,,5
P0675,Shampoo,NatureGlow,Haircare,768,3.9
P0927,Hair Serum,HairPro,Haircare,396,5
P0369,Face Wash,SkinPure,Skincare,187,3.7
P0208,Shampoo,NatureGlow,Haircare,258,3.6
P0577,Glow Cream,DermCare,Skincare,669,3.9
P0190,Body Lotion,SoftCare,Bodycare,636,3.6
P0679,Body Lotion,SoftCare,Bodycare,185,3.7
P0726,Hair Serum,HairPro,Haircare,623,4.3
P0703,Conditioner,HairPro,Haircare,877,4.4
P0308,Face Mask,PureSkin,Skincare,486,4.1
P0269,Face Mask,PureSkin,Skincare,252,4.4